Workbook

Sheet Raw Data
A1: Autosampler Position | B1: Species ID | C1: Tree ID | D1: Lab No | E1: Lab ID | F1: FID File | G1: FID Date | H1: FID Time | I1: FID Channel CH4 | J1: Certified Value CO2 | K1: CH4 Area | L1: CH4 ppm | M1: CH4 Unit | N1: FID Channel CO2 | O1: Certified Value CO2 | P1: CO2 Area | Q1: CO2 ppm | R1: CO2 Unit | S1: ECD File | T1: ECD Date | U1: ECD Time | V1: ECD Channel O2 | W1: Certified Value O2 | X1: O2 Area | Y1: O2 ppm | Z1: ECD Channel N2O | AA1: Certified Value N2O | AB1: N2O Area | AC1: N2O ppm | AD1: N2O Unit
A2: 1 | B2: Lab Air Blank | C2: NA | D2: 1 | E2: Std1 | F2: F220930s01.CHR | G2: 44834 | H2: 0.32184028 | I2: CH4 | J2: 1.4 | K2: 0.2784 | L2: 1.5221 | M2: ppm | N2: CO2 | O2: 1.913 | P2: 95.474 | Q2: 143.2872 | R2: ppm | S2: E220930s01.CHR | T2: 44834 | U2: 0.32184028 | V2: O2 | W2: 1.163 | X2: 3236.0892 | Y2: 137445.32 | Z2: N2O | AA2: 2.213 | AB2: 51.8202 | AC2: 0.0136 | AD2: ppm
A3: 2 | B3: Lab Air Blank | C3: NA | D3: 2 | E3: Std2 | F3: F220930s02.CHR | G3: 44834 | H3: 0.32559028 | I3: CH4 | J3: 1.406 | K3: 0.2904 | L3: 1.574 | M3: ppm | N3: CO2 | O3: 1.92 | P3: 89.7547 | Q3: 122.1501 | R3: ppm | S3: E220930s02.CHR | T3: 44834 | U3: 0.32559028 | V3: O2 | W3: 1.166 | X3: 3113.7458 | Y3: 125334.54 | Z3: N2O | AA3: 2.216 | AB3: 49.3968 | AC3: 0.0037 | AD3: ppm
A4: 3 | B4: Lab Air Blank | C4: NA | D4: 3 | E4: Std3 | F4: F220930s03.CHR | G4: 44834 | H4: 0.32934028 | I4: CH4 | J4: 1.4 | K4: 0.3183 | L4: 1.6946 | M4: ppm | N4: CO2 | O4: 1.913 | P4: 102.7178 | Q4: 170.0584 | R4: ppm | S4: E220930s03.CHR | T4: 44834 | U4: 0.32934028 | V4: O2 | W4: 1.163 | X4: 3259.7308 | Y4: 139916.85 | Z4: N2O | AA4: 2.21 | AB4: 59.891 | AC4: 0.0467 | AD4: ppm
A5: 4 | B5: Lab Air Blank | C5: NA | D5: 4 | E5: Std4 | F5: F220930s04.CHR | G5: 44834 | H5: 0.33309028 | I5: CH4 | J5: 1.403 | K5: 0.3652 | L5: 1.8975 | M5: ppm | N5: CO2 | O5: 1.916 | P5: 109.1048 | Q5: 193.6631 | R5: ppm | S5: E220930s04.CHR | T5: 44834 | U5: 0.33309028 | V5: O2 | W5: 1.163 | X5: 3417.0822 | Y5: 159076.31 | Z5: N2O | AA5: 2.213 | AB5: 62.9926 | AC5: 0.0594 | AD5: ppm
A6: 5 | B6: Lab Air Blank | C6: NA | D6: 5 | E6: Std5 | F6: F220930s05.CHR | G6: 44834 | H6: 0.33685185 | I6: CH4 | J6: 1.403 | K6: 0.2958 | L6: 1.5973 | M6: ppm | N6: CO2 | O6: 1.913 | P6: 90.868 | Q6: 126.2646 | R6: ppm | S6: E220930s05.CHR | T6: 44834 | U6: 0.33685185 | V6: O2 | W6: 1.16 | X6: 3152.4221 | Y6: 129013.1 | Z6: N2O | AA6: 2.21 | AB6: 55.7088 | AC6: 0.0296 | AD6: ppm
A7: 6 | B7: Lab Air Blank | C7: NA | D7: 6 | E7: Std6 | F7: F220930s06.CHR | G7: 44834 | H7: 0.34061343 | I7: CH4 | J7: 1.41 | K7: 0.307 | L7: 1.6458 | M7: ppm | N7: CO2 | O7: 1.923 | P7: 88.9572 | Q7: 119.2027 | R7: ppm | S7: E220930s06.CHR | T7: 44834 | U7: 0.34061343 | V7: O2 | W7: 1.166 | X7: 3163.6668 | Y7: 130108.88 | Z7: N2O | AA7: 2.223 | AB7: 53.4684 | AC7: 0.0204 | AD7: ppm
A8: 7 | B8: Lab Air Blank | C8: NA | D8: 7 | E8: Std7 | F8: F220930s07.CHR | G8: 44834 | H8: 0.34436343 | I8: CH4 | J8: 1.413 | K8: 0.3333 | L8: 1.7595 | M8: ppm | N8: CO2 | O8: 1.926 | P8: 98.7931 | Q8: 155.5537 | R8: ppm | S8: E220930s07.CHR | T8: 44834 | U8: 0.34436343 | V8: O2 | W8: 1.17 | X8: 3300.4507 | Y8: 144501.4 | Z8: N2O | AA8: 2.226 | AB8: 56.1868 | AC8: 0.0315 | AD8: ppm
A9: 8 | B9: Lab Air Blank | C9: NA | D9: 8 | E9: Std8 | F9: F220930s08.CHR | G9: 44834 | H9: 0.34811343 | I9: CH4 | J9: 1.4 | K9: 0.3154 | L9: 1.6821 | M9: ppm | N9: CO2 | O9: 1.913 | P9: 94.3666 | Q9: 139.1945 | R9: ppm | S9: E220930s08.CHR | T9: 44834 | U9: 0.34811343 | V9: O2 | W9: 1.16 | X9: 3154.477 | Y9: 129213.35 | Z9: N2O | AA9: 2.21 | AB9: 53.4439 | AC9: 0.0203 | AD9: ppm
A10: 9 | B10: Lab Air Blank | C10: NA | D10: 9 | E10: Std9 | F10: F220930s09.CHR | G10: 44834 | H10: 0.35186343 | I10: CH4 | J10: 1.41 | K10: 0.2837 | L10: 1.545 | M10: ppm | N10: CO2 | O10: 1.926 | P10: 84.5659 | Q10: 102.9736 | R10: ppm | S10: E220930s09.CHR | T10: 44834 | U10: 0.35186343 | V10: O2 | W10: 1.166 | X10: 3065.4079 | Y10: 120923.37 | Z10: N2O | AA10: 2.226 | AB10: 50.3889 | AC10: 0.0078 | AD10: ppm
A11: 10 | B11: Lab Air Blank | C11: NA | D11: 10 | E11: Std10 | F11: F220930s10.CHR | G11: 44834 | H11: 0.35561343 | I11: CH4 | J11: 1.406 | K11: 0.3539 | L11: 1.8486 | M11: ppm | N11: CO2 | O11: 1.923 | P11: 109.2335 | Q11: 194.1388 | R11: ppm | S11: E220930s10.CHR | T11: 44834 | U11: 0.35561343 | V11: O2 | W11: 1.17 | X11: 3316.991 | Y11: 146366.28 | Z11: N2O | AA11: 2.22 | AB11: 59.3886 | AC11: 0.0447 | AD11: ppm
A12: 11 | B12: N2 | C12: NA | D12: 11 | E12: Std11 | F12: F220930s11.CHR | G12: 44834 | H12: 0.359375 | I12: CH4 | J12: 0 | K12: 0 | L12: 0 | M12: ppm | N12: CO2 | O12: 1.923 | P12: 42.255 | Q12: 0 | R12: ppm | S12: E220930s11.CHR | T12: 44834 | U12: 0.359375 | V12: O2 | W12: 1.166 | X12: 1197.8328 | Y12: 10817.772 | Z12: N2O | AA12: 2.22 | AB12: 18.776 | AC12: 0 | AD12: ppm
A13: 12 | B13: Lab Air Blank | C13: NA | D13: 12 | E13: Std12 | F13: F220930s12.CHR | G13: 44834 | H13: 0.36313657 | I13: CH4 | J13: 1.406 | K13: 0.2922 | L13: 1.5817 | M13: ppm | N13: CO2 | O13: 1.92 | P13: 82.3047 | Q13: 94.6168 | R13: ppm | S13: E220930s12.CHR | T13: 44834 | U13: 0.36313657 | V13: O2 | W13: 1.166 | X13: 2901.2608 | Y13: 107152.77 | Z13: N2O | AA13: 2.216 | AB13: 48.3396 | AC13: 0 | AD13: ppm
... A55: 54 | B55: Lab Air Blank | C55: NA | D55: 54 | E55: Std54 | F55: F220930s54.CHR | G55: 44834 | H55: 0.52103009 | I55: CH4 | J55: 1.41 | K55: 0.3578 | L55: 1.8655 | M55: ppm | N55: CO2 | O55: 1.946 | P55: 99.1488 | Q55: 156.8683 | R55: ppm | S55: E220930s54.CHR | T55: 44834 | U55: 0.52103009 | V55: O2 | W55: 1.166 | X55: 3073.4656 | Y55: 121658.69 | Z55: N2O | AA55: 2.256 | AB55: 62.1319 | AC55: 0.0559 | AD55: ppm
A56: 55 | B56: ACRU | C56: RM1 | D56: 55 | E56: =D56&"g" -> 55g | F56: F220930s55.CHR | G56: 44834 | H56: 0.52478009 | I56: CH4 | J56: 1.41 | K56: 6.239 | L56: 27.303 | M56: ppm | N56: CO2 | O56: 1.94 | P56: 17693.369 | Q56: 65180.644 | R56: ppm | S56: E220930s55.CHR | T56: 44834 | U56: 0.52478009 | V56: O2 | W56: 1.16 | X56: 2745.5214 | Y56: 95433.521 | Z56: N2O | AA56: 2.25 | AB56: 350.1718 | AC56: 1.2365 | AD56: ppm
A57: 56 | B57: BLANK | C57: BLANK | D57: 56 | E57: BLANK | F57: F220930s56.CHR | G57: 44834 | H57: 0.52853009 | I57: CH4 | J57: 0 | K57: 0 | L57: 0 | M57: ppm | N57: CO2 | O57: 1.956 | P57: 154.6102 | Q57: 361.8396 | R57: ppm | S57: E220930s56.CHR | T57: 44834 | U57: 0.52853009 | V57: O2 | W57: 1.166 | X57: 3198.6341 | Y57: 133529.72 | Z57: N2O | AA57: 2.263 | AB57: 66.5488 | AC57: 0.074 | AD57: ppm
A58: 57 | B58: ACRU | C58: RM10 | D58: 57 | E58: =D58&"g" -> 57g | F58: F220930s57.CHR | G58: 44834 | H58: 0.53228009 | I58: CH4 | J58: 1.42 | K58: 14.824 | L58: 64.435 | M58: ppm | N58: CO2 | O58: 1.966 | P58: 7544.7502 | Q58: 27673.923 | R58: ppm | S58: E220930s57.CHR | T58: 44834 | U58: 0.53228009 | V58: O2 | W58: 1.17 | X58: 3445.2342 | Y58: 163133.28 | Z58: N2O | AA58: 2.26 | AB58: 238.073 | AC58: 0.7771 | AD58: ppm
A59: 58 | B59: BLANK | C59: BLANK | D59: 58 | E59: BLANK | F59: F220930s58.CHR | G59: 44834 | H59: 0.53603009 | I59: CH4 | J59: 1.4 | K59: 0.2757 | L59: 1.5104 | M59: ppm | N59: CO2 | O59: 1.94 | P59: 146.9986 | Q59: 333.709 | R59: ppm | S59: E220930s58.CHR | T59: 44834 | U59: 0.53603009 | V59: O2 | W59: 1.16 | X59: 3168.6772 | Y59: 130597.14 | Z59: N2O | AA59: 2.246 | AB59: 66.7244 | AC59: 0.0747 | AD59: ppm
A60: 59 | B60: ACRU | C60: RM14 | D60: 59 | E60: =D60&"g" -> 59g | F60: F220930s59.CHR | G60: 44834 | H60: 0.53978009 | I60: CH4 | J60: 1.406 | K60: 0.5796 | L60: 2.8248 | M60: ppm | N60: CO2 | O60: 1.94 | P60: 812.0508 | Q60: 2791.5733 | R60: ppm | S60: E220930s59.CHR | T60: 44834 | U60: 0.53978009 | V60: O2 | W60: 1.16 | X60: 3542.5475 | Y60: 177484.93 | Z60: N2O | AA60: 2.243 | AB60: 112.7424 | AC60: 0.2633 | AD60: ppm
A61: 60 | B61: BLANK | C61: BLANK | D61: 60 | E61: BLANK | F61: F220930s60.CHR | G61: 44834 | H61: 0.54353009 | I61: CH4 | J61: 1.416 | K61: 0.2706 | L61: 1.4883 | M61: ppm | N61: CO2 | O61: 1.95 | P61: 85.9286 | Q61: 108.0098 | R61: ppm | S61: E220930s60.CHR | T61: 44834 | U61: 0.54353009 | V61: O2 | W61: 1.17 | X61: 3020.281 | Y61: 116996.09 | Z61: N2O | AA61: 2.26 | AB61: 52.3992 | AC61: 0.016 | AD61: ppm
A62: 61 | B62: ACRU | C62: RM2 | D62: 61 | E62: =D62&"g" -> 61g | F62: F220930s61.CHR | G62: 44834 | H62: 0.54726852 | I62: CH4 | J62: 1.406 | K62: 0.6522 | L62: 3.1388 | M62: ppm | N62: CO2 | O62: 1.94 | P62: 418.3445 | Q62: 1336.5347 | R62: ppm | S62: E220930s61.CHR | T62: 44834 | U62: 0.54726852 | V62: O2 | W62: 1.16 | X62: 3567.1041 | Y62: 181106.5 | Z62: N2O | AA62: 2.243 | AB62: 96.932 | AC62: 0.1985 | AD62: ppm
A63: 62 | B63: BLANK | C63: BLANK | D63: 62 | E63: BLANK | F63: F220930s62.CHR | G63: 44834 | H63: 0.55101852 | I63: CH4 | J63: 1.403 | K63: 0.3002 | L63: 1.6163 | M63: ppm | N63: CO2 | O63: 1.936 | P63: 93.5298 | Q63: 136.1019 | R63: ppm | S63: E220930s62.CHR | T63: 44834 | U63: 0.55101852 | V63: O2 | W63: 1.16 | X63: 2985.6592 | Y63: 114025.35 | Z63: N2O | AA63: 2.243 | AB63: 60.1067 | AC63: 0.0476 | AD63: ppm
A64: 63 | B64: ACRU | C64: RM3 | D64: 63 | E64: =D64&"g" -> 63g | F64: F220930s63.CHR | G64: 44834 | H64: 0.55475694 | I64: CH4 | J64: 1.406 | K64: 5.5582 | L64: 24.3584 | M64: ppm | N64: CO2 | O64: 1.943 | P64: 12837.626 | Q64: 47235.052 | R64: ppm | S64: E220930s63.CHR | T64: 44834 | U64: 0.55475694 | V64: O2 | W64: 1.156 | X64: 3030.5881 | Y64: 117880.49 | Z64: N2O | AA64: 2.24 | AB64: 290.5474 | AC64: 0.9921 | AD64: ppm
A65: 64 | B65: BLANK | C65: BLANK | D65: 64 | E65: BLANK | F65: F220930s64.CHR | G65: 44834 | H65: 0.55850694 | I65: CH4 | J65: 0 | K65: 0 | L65: 0 | M65: ppm | N65: CO2 | O65: 1.94 | P65: 89.08 | Q65: 119.6566 | R65: ppm | S65: E220930s64.CHR | T65: 44834 | U65: 0.55850694 | V65: O2 | W65: 1.16 | X65: 2872.0868 | Y65: 104890.72 | Z65: N2O | AA65: 2.25 | AB65: 51.8336 | AC65: 0.0137 | AD65: ppm
A66: 65 | B66: ACRU | C66: RM301A | D66: 65 | E66: =D66&"g" -> 65g | F66: F220930s65.CHR | G66: 44834 | H66: 0.56225694 | I66: CH4 | J66: 1.42 | K66: 69.3912 | L66: 300.4502 | M66: ppm | N66: CO2 | O66: 1.966 | P66: 4780.4642 | Q66: 17457.823 | R66: ppm | S66: E220930s65.CHR | T66: 44834 | U66: 0.56225694 | V66: O2 | W66: 1.166 | X66: 3423.3818 | Y66: 159918.85 | Z66: N2O | AA66: 2.26 | AB66: 195.1246 | AC66: 0.601 | AD66: ppm
A67: 66 | B67: BLANK | C67: BLANK | D67: 66 | E67: BLANK | F67: F220930s66.CHR | G67: 44834 | H67: 0.56599537 | I67: CH4 | J67: 1.403 | K67: 0.3121 | L67: 1.6678 | M67: ppm | N67: CO2 | O67: 1.943 | P67: 100.2808 | Q67: 161.0519 | R67: ppm | S67: E220930s66.CHR | T67: 44834 | U67: 0.56599537 | V67: O2 | W67: 1.16 | X67: 2928.1402 | Y67: 109329.14 | Z67: N2O | AA67: 2.256 | AB67: 57.9934 | AC67: 0.0389 | AD67: ppm
A68: 67 | B68: BLANK | C68: BLANK | D68: 67 | E68: BLANK | F68: F220930s67.CHR | G68: 44834 | H68: 0.56974537 | I68: CH4 | J68: 1.413 | K68: 0.367 | L68: 1.9053 | M68: ppm | N68: CO2 | O68: 1.95 | P68: 103.307 | Q68: 172.236 | R68: ppm | S68: E220930s67.CHR | T68: 44834 | U68: 0.56974537 | V68: O2 | W68: 1.166 | X68: 3120.945 | Y68: 125991.52 | Z68: N2O | AA68: 2.263 | AB68: 65.2266 | AC68: 0.0686 | AD68: ppm
A69: 68 | B69: BLANK | C69: BLANK | D69: 68 | E69: BLANK | F69: F220930s68.CHR | G69: 44834 | H69: 0.5734838 | I69: CH4 | J69: 1.406 | K69: 0.392 | L69: 2.0134 | M69: ppm | N69: CO2 | O69: 1.946 | P69: 130.0416 | Q69: 271.0403 | R69: ppm | S69: E220930s68.CHR | T69: 44834 | U69: 0.5734838 | V69: O2 | W69: 1.16 | X69: 3398.0848 | Y69: 156535.49 | Z69: N2O | AA69: 2.26 | AB69: 78.2518 | AC69: 0.122 | AD69: ppm
A70: 69 | B70: ACRU | C70: RM302 | D70: 69 | E70: =D70&"g" -> 69g | F70: F220930s69.CHR | G70: 44834 | H70: 0.5772338 | I70: CH4 | J70: 1.416 | K70: 111.1246 | L70: 480.9563 | M70: ppm | N70: CO2 | O70: 1.953 | P70: 15504.635 | Q70: 57091.638 | R70: ppm | S70: E220930s69.CHR | T70: 44834 | U70: 0.5772338 | V70: O2 | W70: 1.163 | X70: 2930.4281 | Y70: 109514.39 | Z70: N2O | AA70: 2.26 | AB70: 270.1277 | AC70: 0.9084 | AD70: ppm
A71: 70 | B71: BLANK | C71: BLANK | D71: 70 | E71: BLANK | F71: F220930s70.CHR | G71: 44834 | H71: 0.5809838 | I71: CH4 | J71: 1.396 | K71: 0.2794 | L71: 1.5264 | M71: ppm | N71: CO2 | O71: 1.94 | P71: 186.2842 | Q71: 478.8986 | R71: ppm | S71: E220930s70.CHR | T71: 44834 | U71: 0.5809838 | V71: O2 | W71: 1.156 | X71: 3165.513 | Y71: 130288.79 | Z71: N2O | AA71: 2.25 | AB71: 72.9088 | AC71: 0.1001 | AD71: ppm
A72: 71 | B72: ACRU | C72: RM303 | D72: 71 | E72: =D72&"g" -> 71g | F72: F220930s71.CHR | G72: 44834 | H72: 0.58472222 | I72: CH4 | J72: 1.41 | K72: 98.9529 | L72: 428.3111 | M72: ppm | N72: CO2 | O72: 1.953 | P72: 1924.3268 | Q72: 6902.2634 | R72: ppm | S72: E220930s71.CHR | T72: 44834 | U72: 0.58472222 | V72: O2 | W72: 1.163 | X72: 3514.092 | Y72: 173288.34 | Z72: N2O | AA72: 2.253 | AB72: 143.6808 | AC72: 0.3902 | AD72: ppm
A73: 72 | B73: BLANK | C73: BLANK | D73: 72 | E73: BLANK | F73: F220930s72.CHR | G73: 44834 | H73: 0.58847222 | I73: CH4 | J73: 1.416 | K73: 0.5121 | L73: 2.5329 | M73: ppm | N73: CO2 | O73: 1.953 | P73: 113.8435 | Q73: 211.1762 | R73: ppm | S73: E220930s72.CHR | T73: 44834 | U73: 0.58847222 | V73: O2 | W73: 1.166 | X73: 3152.307 | Y73: 129001.89 | Z73: N2O | AA73: 2.263 | AB73: 65.5125 | AC73: 0.0698 | AD73: ppm
A74: 73 | B74: Check Standard | C74: CHECK | D74: 73 | E74: ChkStd1 | F74: F220930s73.CHR | G74: 44834 | H74: 0.59222222 | I74: CH4 | J74: 1.403 | K74: 0.6713 | L74: 3.2214 | M74: ppm | N74: CO2 | O74: 1.943 | P74: 168.0021 | Q74: 411.3326 | R74: ppm | S74: E220930s73.CHR | T74: 44834 | U74: 0.59222222 | V74: O2 | W74: 1.16 | X74: 3826.2581 | Y74: 219326.21 | Z74: N2O | AA74: 2.253 | AB74: 113.9411 | AC74: 0.2683 | AD74: ppm
A75: 74 | B75: BLANK | C75: BLANK | D75: 74 | E75: BLANK | F75: F220930s74.CHR | G75: 44834 | H75: 0.59596065 | I75: CH4 | J75: 1.41 | K75: 0.371 | L75: 1.9226 | M75: ppm | N75: CO2 | O75: 1.943 | P75: 111.2203 | Q75: 201.4815 | R75: ppm | S75: E220930s74.CHR | T75: 44834 | U75: 0.59596065 | V75: O2 | W75: 1.16 | X75: 3188.0443 | Y75: 132484.43 | Z75: N2O | AA75: 2.253 | AB75: 69.864 | AC75: 0.0876 | AD75: ppm
A76: 75 | B76: ACRU | C76: RM4 | D76: 75 | E76: =D76&"g" -> 75g | F76: F220930s75.CHR | G76: 44834 | H76: 0.59971065 | I76: CH4 | J76: 1.416 | K76: 1.7448 | L76: 7.8646 | M76: ppm | N76: CO2 | O76: 1.953 | P76: 13961.122 | Q76: 51387.207 | R76: ppm | S76: E220930s75.CHR | T76: 44834 | U76: 0.59971065 | V76: O2 | W76: 1.166 | X76: 2925.6808 | Y76: 109130.01 | Z76: N2O | AA76: 2.256 | AB76: 737.1948 | AC76: 2.8229 | AD76: ppm
A77: 76 | B77: BLANK | C77: BLANK | D77: 76 | E77: BLANK | F77: F220930s76.CHR | G77: 44834 | H77: 0.60344907 | I77: CH4 | J77: 0 | K77: 0 | L77: 0 | M77: ppm | N77: CO2 | O77: 1.946 | P77: 111.8026 | Q77: 203.6335 | R77: ppm | S77: E220930s76.CHR | T77: 44834 | U77: 0.60344907 | V77: O2 | W77: 1.16 | X77: 3120.1516 | Y77: 125919.11 | Z77: N2O | AA77: 2.256 | AB77: 65.5618 | AC77: 0.07 | AD77: ppm
A78: 77 | B78: ACRU | C78: RM5 | D78: 77 | E78: =D78&"g" -> 77g | F78: F220930s77.CHR | G78: 44834 | H78: 0.60719907 | I78: CH4 | J78: 1.42 | K78: 1.5576 | L78: 7.0549 | M78: ppm | N78: CO2 | O78: 1.966 | P78: 2083.3947 | Q78: 7490.138 | R78: ppm | S78: E220930s77.CHR | T78: 44834 | U78: 0.60719907 | V78: O2 | W78: 1.17 | X78: 3592.9318 | Y78: 184915.54 | Z78: N2O | AA78: 2.266 | AB78: 145.6618 | AC78: 0.3983 | AD78: ppm
A79: 78 | B79: BLANK | C79: BLANK | D79: 78 | E79: BLANK | F79: F220930s78.CHR | G79: 44834 | H79: 0.61094907 | I79: CH4 | J79: 0 | K79: 0 | L79: 0 | M79: ppm | N79: CO2 | O79: 1.943 | P79: 41.4406 | Q79: 0 | R79: ppm | S79: E220930s78.CHR | T79: 44834 | U79: 0.61094907 | V79: O2 | W79: 1.156 | X79: 1063.3604 | Y79: 4970.1577 | Z79: N2O | AA79: 2.25 | AB79: 17.5692 | AC79: 0 | AD79: ppm
A80: 79 | B80: ACRU | C80: RM501 | D80: 79 | E80: =D80&"g" -> 79g | F80: F220930s79.CHR | G80: 44834 | H80: 0.6146875 | I80: CH4 | J80: 1.403 | K80: 0.4662 | L80: 2.3343 | M80: ppm | N80: CO2 | O80: 1.943 | P80: 250.2051 | Q80: 715.1341 | R80: ppm | S80: E220930s79.CHR | T80: 44834 | U80: 0.6146875 | V80: O2 | W80: 1.16 | X80: 3556.917 | Y80: 179604.12 | Z80: N2O | AA80: 2.253 | AB80: 93.9292 | AC80: 0.1862 | AD80: ppm
A81: 80 | B81: BLANK | C81: BLANK | D81: 80 | E81: BLANK | F81: F220930s80.CHR | G81: 44834 | H81: 0.6184375 | I81: CH4 | J81: 0 | K81: 0 | L81: 0 | M81: ppm | N81: CO2 | O81: 1.946 | P81: 43.0666 | Q81: 0 | R81: ppm | S81: E220930s80.CHR | T81: 44834 | U81: 0.6184375 | V81: O2 | W81: 1.163 | X81: 1215.7955 | Y81: 11605.813 | Z81: N2O | AA81: 2.263 | AB81: 18.6944 | AC81: 0 | AD81: ppm
A82: 81 | B82: ACRU | C82: RM502 | D82: 81 | E82: =D82&"g" -> 81g | F82: F220930s81.CHR | G82: 44834 | H82: 0.6221875 | I82: CH4 | J82: 1.41 | K82: 40.2322 | L82: 174.3311 | M82: ppm | N82: CO2 | O82: 1.956 | P82: 9202.2398 | Q82: 33799.584 | R82: ppm | S82: E220930s81.CHR | T82: 44834 | U82: 0.6221875 | V82: O2 | W82: 1.16 | X82: 3260.5012 | Y82: 139997.39 | Z82: N2O | AA82: 2.253 | AB82: 243.5808 | AC82: 0.7996 | AD82: ppm
A83: 82 | B83: BLANK | C83: BLANK | D83: 82 | E83: BLANK | F83: F220930s82.CHR | G83: 44834 | H83: 0.6259375 | I83: CH4 | J83: 1.413 | K83: 0.1529 | L83: 0.9792 | M83: ppm | N83: CO2 | O83: 1.956 | P83: 92.132 | Q83: 130.936 | R83: ppm | S83: E220930s82.CHR | T83: 44834 | U83: 0.6259375 | V83: O2 | W83: 1.166 | X83: 3003.378 | Y83: 115545.72 | Z83: N2O | AA83: 2.27 | AB83: 56.2448 | AC83: 0.0318 | AD83: ppm
A84: 83 | B84: ACRU | C84: RM503 | D84: 83 | E84: =D84&"g" -> 83g | F84: F220930s83.CHR | G84: 44834 | H84: 0.62967593 | I84: CH4 | J84: 1.42 | K84: 0.795 | L84: 3.7565 | M84: ppm | N84: CO2 | O84: 1.966 | P84: 1723.4322 | Q84: 6159.8079 | R84: ppm | S84: E220930s83.CHR | T84: 44834 | U84: 0.62967593 | V84: O2 | W84: 1.17 | X84: 3616.4385 | Y84: 188382.28 | Z84: N2O | AA84: 2.266 | AB84: 138.688 | AC84: 0.3697 | AD84: ppm
A85: 84 | B85: BLANK | C85: BLANK | D85: 84 | E85: BLANK | F85: F220930s84.CHR | G85: 44834 | H85: 0.63342593 | I85: CH4 | J85: 1.403 | K85: 0.265 | L85: 1.4641 | M85: ppm | N85: CO2 | O85: 1.943 | P85: 85.3067 | Q85: 105.7114 | R85: ppm | S85: E220930s84.CHR | T85: 44834 | U85: 0.63342593 | V85: O2 | W85: 1.156 | X85: 2892.503 | Y85: 106455.57 | Z85: N2O | AA85: 2.256 | AB85: 55.3286 | AC85: 0.028 | AD85: ppm
A86: 85 | B86: ACRU | C86: RMS1 | D86: 85 | E86: =D86&"g" -> 85g | F86: F220930s85.CHR | G86: 44834 | H86: 0.63716435 | I86: CH4 | J86: 1.406 | K86: 23.0414 | L86: 99.9771 | M86: ppm | N86: CO2 | O86: 1.953 | P86: 1692.3568 | Q86: 6044.9611 | R86: ppm | S86: E220930s85.CHR | T86: 44834 | U86: 0.63716435 | V86: O2 | W86: 1.16 | X86: 3473.5884 | Y86: 167314.92 | Z86: N2O | AA86: 2.253 | AB86: 136.4654 | AC86: 0.3606 | AD86: ppm
A87: 86 | B87: BLANK | C87: BLANK | D87: 86 | E87: BLANK | F87: F220930s86.CHR | G87: 44834 | H87: 0.64091435 | I87: CH4 | J87: 1.406 | K87: 0.2826 | L87: 1.5402 | M87: ppm | N87: CO2 | O87: 1.943 | P87: 100.7158 | Q87: 162.6595 | R87: ppm | S87: E220930s86.CHR | T87: 44834 | U87: 0.64091435 | V87: O2 | W87: 1.156 | X87: 3051.6926 | Y87: 119691.36 | Z87: N2O | AA87: 2.253 | AB87: 62.8632 | AC87: 0.0589 | AD87: ppm
A88: 87 | B88: ACSA | C88: SM1 | D88: 87 | E88: =D88&"g" -> 87g | F88: F220930s87.CHR | G88: 44834 | H88: 0.64465278 | I88: CH4 | J88: 1.406 | K88: 2.9692 | L88: 13.1604 | M88: ppm | N88: CO2 | O88: 1.946 | P88: 267.4211 | Q88: 778.7601 | R88: ppm | S88: E220930s87.CHR | T88: 44834 | U88: 0.64465278 | V88: O2 | W88: 1.16 | X88: 3539.0014 | Y88: 176961.95 | Z88: N2O | AA88: 2.256 | AB88: 94.4924 | AC88: 0.1885 | AD88: ppm
A89: 88 | B89: BLANK | C89: BLANK | D89: 88 | E89: BLANK | F89: F220930s88.CHR | G89: 44834 | H89: 0.6483912 | I89: CH4 | J89: 1.406 | K89: 0.2766 | L89: 1.5143 | M89: ppm | N89: CO2 | O89: 1.946 | P89: 91.4115 | Q89: 128.2732 | R89: ppm | S89: E220930s88.CHR | T89: 44834 | U89: 0.6483912 | V89: O2 | W89: 1.156 | X89: 2970.9956 | Y89: 112799.06 | Z89: N2O | AA89: 2.253 | AB89: 58.9992 | AC89: 0.0431 | AD89: ppm
A90: 89 | B90: ACSA | C90: SM10 | D90: 89 | E90: =D90&"g" -> 89g | F90: F220930s89.CHR | G90: 44834 | H90: 0.65212963 | I90: CH4 | J90: 1.406 | K90: 1.8218 | L90: 8.1976 | M90: ppm | N90: CO2 | O90: 1.956 | P90: 3268.7646 | Q90: 11870.965 | R90: ppm | S90: E220930s89.CHR | T90: 44834 | U90: 0.65212963 | V90: O2 | W90: 1.156 | X90: 3386.8092 | Y90: 155027.42 | Z90: N2O | AA90: 2.253 | AB90: 209.5668 | AC90: 0.6602 | AD90: ppm
A91: 90 | B91: BLANK | C91: BLANK | D91: 90 | E91: BLANK | F91: F220930s90.CHR | G91: 44834 | H91: 0.65587963 | I91: CH4 | J91: 1.42 | K91: 0.2514 | L91: 1.4053 | M91: ppm | N91: CO2 | O91: 1.963 | P91: 98.5816 | Q91: 154.7721 | R91: ppm | S91: E220930s90.CHR | T91: 44834 | U91: 0.65587963 | V91: O2 | W91: 1.166 | X91: 3042.6672 | Y91: 118916.94 | Z91: N2O | AA91: 2.276 | AB91: 59.7687 | AC91: 0.0462 | AD91: ppm
A92: 91 | B92: ACSA | C92: SM11 | D92: 91 | E92: =D92&"g" -> 91g | F92: F220930s91.CHR | G92: 44834 | H92: 0.65962963 | I92: CH4 | J92: 1.416 | K92: 0.59 | L92: 2.8698 | M92: ppm | N92: CO2 | O92: 1.963 | P92: 397.9014 | Q92: 1260.9822 | R92: ppm | S92: E220930s91.CHR | T92: 44834 | U92: 0.65962963 | V92: O2 | W92: 1.166 | X92: 3622.4739 | Y92: 189272.37 | Z92: N2O | AA92: 2.273 | AB92: 100.5756 | AC92: 0.2135 | AD92: ppm
A93: 92 | B93: BLANK | C93: BLANK | D93: 92 | E93: BLANK | F93: F220930s92.CHR | G93: 44834 | H93: 0.66337963 | I93: CH4 | J93: 1.416 | K93: 0.3538 | L93: 1.8482 | M93: ppm | N93: CO2 | O93: 1.963 | P93: 123.84 | Q93: 248.1207 | R93: ppm | S93: E220930s92.CHR | T93: 44834 | U93: 0.66337963 | V93: O2 | W93: 1.166 | X93: 3205.6014 | Y93: 134258.09 | Z93: N2O | AA93: 2.276 | AB93: 68.3222 | AC93: 0.0813 | AD93: ppm
A94: 93 | B94: Check Standard | C94: CHECK | D94: 93 | E94: ChkStd2 | F94: F220930s93.CHR | G94: 44834 | H94: 0.66711806 | I94: CH4 | J94: 1.406 | K94: 0.6484 | L94: 3.1224 | M94: ppm | N94: CO2 | O94: 1.95 | P94: 165.8838 | Q94: 403.5039 | R94: ppm | S94: E220930s93.CHR | T94: 44834 | U94: 0.66711806 | V94: O2 | W94: 1.16 | X94: 3809.1478 | Y94: 216802.81 | Z94: N2O | AA94: 2.26 | AB94: 110.3854 | AC94: 0.2537 | AD94: ppm
A95: 94 | B95: BLANK | C95: BLANK | D95: 94 | E95: BLANK | F95: F220930s94.CHR | G95: 44834 | H95: 0.67086806 | I95: CH4 | J95: 1.416 | K95: 0.3342 | L95: 1.7634 | M95: ppm | N95: CO2 | O95: 1.96 | P95: 98.1191 | Q95: 153.0628 | R95: ppm | S95: E220930s94.CHR | T95: 44834 | U95: 0.67086806 | V95: O2 | W95: 1.166 | X95: 3116.7989 | Y95: 125613.16 | Z95: N2O | AA95: 2.273 | AB95: 63.8842 | AC95: 0.0631 | AD95: ppm
A96: 95 | B96: ACSA | C96: SM13 | D96: 95 | E96: =D96&"g" -> 95g | F96: F220930s95.CHR | G96: 44834 | H96: 0.67460648 | I96: CH4 | J96: 1.416 | K96: 0.6904 | L96: 3.3041 | M96: ppm | N96: CO2 | O96: 1.963 | P96: 2352.6852 | Q96: 8485.3674 | R96: ppm | S96: E220930s95.CHR | T96: 44834 | U96: 0.67460648 | V96: O2 | W96: 1.166 | X96: 3475.4698 | Y96: 167592.39 | Z96: N2O | AA96: 2.263 | AB96: 184.5866 | AC96: 0.5578 | AD96: ppm
A97: 96 | B97: BLANK | C97: BLANK | D97: 96 | E97: BLANK | F97: F220930s96.CHR | G97: 44834 | H97: 0.67835648 | I97: CH4 | J97: 1.413 | K97: 0.2888 | L97: 1.567 | M97: ppm | N97: CO2 | O97: 1.953 | P97: 93.789 | Q97: 137.0598 | R97: ppm | S97: E220930s96.CHR | T97: 44834 | U97: 0.67835648 | V97: O2 | W97: 1.166 | X97: 2928.4483 | Y97: 109354.09 | Z97: N2O | AA97: 2.266 | AB97: 58.8364 | AC97: 0.0424 | AD97: ppm
A98: 97 | B98: ACSA | C98: SM14 | D98: 97 | E98: =D98&"g" -> 97g | F98: F220930s97.CHR | G98: 44834 | H98: 0.68210648 | I98: CH4 | J98: 1.413 | K98: 0.422 | L98: 2.1432 | M98: ppm | N98: CO2 | O98: 1.956 | P98: 169.6514 | Q98: 417.428 | R98: ppm | S98: E220930s97.CHR | T98: 44834 | U98: 0.68210648 | V98: O2 | W98: 1.166 | X98: 3634.1096 | Y98: 190988.39 | Z98: N2O | AA98: 2.266 | AB98: 92.3711 | AC98: 0.1798 | AD98: ppm
A99: 98 | B99: BLANK | C99: BLANK | D99: 98 | E99: BLANK | F99: F220930s98.CHR | G99: 44834 | H99: 0.68585648 | I99: CH4 | J99: 1.406 | K99: 0.3196 | L99: 1.7003 | M99: ppm | N99: CO2 | O99: 1.94 | P99: 85.5416 | Q99: 106.5795 | R99: ppm | S99: E220930s98.CHR | T99: 44834 | U99: 0.68585648 | V99: O2 | W99: 1.156 | X99: 2942.9598 | Y99: 110529.06 | Z99: N2O | AA99: 2.253 | AB99: 57.601 | AC99: 0.0373 | AD99: ppm
A100: 99 | B100: ACSA | C100: SM15 | D100: 99 | E100: =D100&"g" -> 99g | F100: F220930s99.CHR | G100: 44834 | H100: 0.68960648 | I100: CH4 | J100: 1.406 | K100: 0.895 | L100: 4.189 | M100: ppm | N100: CO2 | O100: 1.946 | P100: 1616.143 | Q100: 5763.2942 | R100: ppm | S100: E220930s99.CHR | T100: 44834 | U100: 0.68960648 | V100: O2 | W100: 1.16 | X100: 3487.5772 | Y100: 169377.97 | Z100: N2O | AA100: 2.246 | AB100: 139.8733 | AC100: 0.3746 | AD100: ppm
A101: 100 | B101: BLANK | C101: BLANK | D101: 100 | E101: BLANK | F101: F220930s100.CHR | G101: 44834 | H101: 0.69334491 | I101: CH4 | J101: 1.4 | K101: 0.3041 | L101: 1.6332 | M101: ppm | N101: CO2 | O101: 1.936 | P101: 94.5342 | Q101: 139.8139 | R101: ppm | S101: E220930s100.CHR | T101: 44834 | U101: 0.69334491 | V101: O2 | W101: 1.16 | X101: 3087.2948 | Y101: 122920.7 | Z101: N2O | AA101: 2.243 | AB101: 63.8467 | AC101: 0.0629 | AD101: ppm
A102: 101 | B102: ACSA | C102: SM2 | D102: 101 | E102: =D102&"g" -> 101g | F102: F220930s101.CHR | G102: 44834 | H102: 0.69709491 | I102: CH4 | J102: 1.413 | K102: 548.4939 | L102: 2372.6751 | M102: ppm | N102: CO2 | O102: 1.946 | P102: 649.6654 | Q102: 2191.4381 | R102: ppm | S102: E220930s101.CHR | T102: 44834 | U102: 0.69709491 | V102: O2 | W102: 1.166 | X102: 3508.9117 | Y102: 172524.36 | Z102: N2O | AA102: 2.246 | AB102: 104.9021 | AC102: 0.2312 | AD102: ppm
A103: 102 | B103: BLANK | C103: BLANK | D103: 102 | E103: BLANK | F103: F220930s102.CHR | G103: 44834 | H103: 0.70084491 | I103: CH4 | J103: 1.403 | K103: 2.672 | L103: 11.8749 | M103: ppm | N103: CO2 | O103: 1.93 | P103: 100.218 | Q103: 160.8198 | R103: ppm | S103: E220930s102.CHR | T103: 44834 | U103: 0.70084491 | V103: O2 | W103: 1.16 | X103: 3017.8626 | Y103: 116788.57 | Z103: N2O | AA103: 2.24 | AB103: 65.551 | AC103: 0.0699 | AD103: ppm
A104: 103 | B104: ACSA | C104: SM3 | D104: 103 | E104: =D104&"g" -> 103g | F104: F220930s103.CHR | G104: 44834 | H104: 0.70459491 | I104: CH4 | J104: 1.413 | K104: 4087.2196 | L104: 17678.445 | M104: ppm | N104: CO2 | O104: 1.956 | P104: 1687.3644 | Q104: 6026.5105 | R104: ppm | S104: E220930s103.CHR | T104: 44834 | U104: 0.70459491 | V104: O2 | W104: 1.17 | X104: 3605.6822 | Y104: 186795.95 | Z104: N2O | AA104: 2.253 | AB104: 131.7132 | AC104: 0.3411 | AD104: ppm
A105: 104 | B105: BLANK | C105: BLANK | D105: 104 | E105: BLANK | F105: F220930s104.CHR | G105: 44834 | H105: 0.70834491 | I105: CH4 | J105: 1.413 | K105: 0.449 | L105: 2.2599 | M105: ppm | N105: CO2 | O105: 1.946 | P105: 84.8246 | Q105: 103.9297 | R105: ppm | S105: E220930s104.CHR | T105: 44834 | U105: 0.70834491 | V105: O2 | W105: 1.166 | X105: 3065.9184 | Y105: 120969.96 | Z105: N2O | AA105: 2.256 | AB105: 56.9991 | AC105: 0.0349 | AD105: ppm
A106: 105 | B106: ACSA | C106: SM5 | D106: 105 | E106: =D106&"g" -> 105g | F106: F220930s105.CHR | G106: 44834 | H106: 0.71209491 | I106: CH4 | J106: 1.406 | K106: 4.5718 | L106: 20.092 | M106: ppm | N106: CO2 | O106: 1.946 | P106: 4591.2831 | Q106: 16758.658 | R106: ppm | S106: E220930s105.CHR | T106: 44834 | U106: 0.71209491 | V106: O2 | W106: 1.16 | X106: 3469.8719 | Y106: 166766.82 | Z106: N2O | AA106: 2.24 | AB106: 211.3336 | AC106: 0.6675 | AD106: ppm
A107: 106 | B107: BLANK | C107: BLANK | D107: 106 | E107: BLANK | F107: F220930s106.CHR | G107: 44834 | H107: 0.71584491 | I107: CH4 | J107: 1.413 | K107: 0.2862 | L107: 1.5558 | M107: ppm | N107: CO2 | O107: 1.95 | P107: 140.5441 | Q107: 309.8548 | R107: ppm | S107: E220930s106.CHR | T107: 44834 | U107: 0.71584491 | V107: O2 | W107: 1.166 | X107: 3199.5537 | Y107: 133625.85 | Z107: N2O | AA107: 2.253 | AB107: 62.5961 | AC107: 0.0578 | AD107: ppm
A108: 107 | B108: ACSA | C108: SM6 | D108: 107 | E108: =D108&"g" -> 107g | F108: F220930s107.CHR | G108: 44834 | H108: 0.71959491 | I108: CH4 | J108: 1.403 | K108: 2.2216 | L108: 9.9268 | M108: ppm | N108: CO2 | O108: 1.94 | P108: 1268.4119 | Q108: 4478.1682 | R108: ppm | S108: E220930s107.CHR | T108: 44834 | U108: 0.71959491 | V108: O2 | W108: 1.16 | X108: 3530.8934 | Y108: 175766.19 | Z108: N2O | AA108: 2.236 | AB108: 122.6385 | AC108: 0.3039 | AD108: ppm
A109: 108 | B109: BLANK | C109: BLANK | D109: 108 | E109: BLANK | F109: F220930s108.CHR | G109: 44834 | H109: 0.72334491 | I109: CH4 | J109: 1.413 | K109: 0.3028 | L109: 1.6276 | M109: ppm | N109: CO2 | O109: 1.943 | P109: 87.8106 | Q109: 114.9652 | R109: ppm | S109: E220930s108.CHR | T109: 44834 | U109: 0.72334491 | V109: O2 | W109: 1.166 | X109: 3089.6084 | Y109: 123131.83 | Z109: N2O | AA109: 2.25 | AB109: 59.8733 | AC109: 0.0466 | AD109: ppm
A110: 109 | B110: ACSA | C110: SM7 | D110: 109 | E110: =D110&"g" -> 109g | F110: F220930s109.CHR | G110: 44834 | H110: 0.72710648 | I110: CH4 | J110: 1.406 | K110: 18.5288 | L110: 80.4591 | M110: ppm | N110: CO2 | O110: 1.943 | P110: 8334.8574 | Q110: 30593.959 | R110: ppm | S110: E220930s109.CHR | T110: 44834 | U110: 0.72710648 | V110: O2 | W110: 1.163 | X110: 3289.1756 | Y110: 143230.16 | Z110: N2O | AA110: 2.236 | AB110: 316.0338 | AC110: 1.0966 | AD110: ppm
A111: 110 | B111: BLANK | C111: BLANK | D111: 110 | E111: BLANK | F111: F220930s110.CHR | G111: 44834 | H111: 0.73085648 | I111: CH4 | J111: 1.403 | K111: 0.1822 | L111: 1.106 | M111: ppm | N111: CO2 | O111: 1.933 | P111: 99.1576 | Q111: 156.9008 | R111: ppm | S111: E220930s110.CHR | T111: 44834 | U111: 0.73085648 | V111: O2 | W111: 1.16 | X111: 3163.9519 | Y111: 130136.67 | Z111: N2O | AA111: 2.236 | AB111: 63.9496 | AC111: 0.0633 | AD111: ppm
A112: 111 | B112: ACSA | C112: SM8 | D112: 111 | E112: =D112&"g" -> 111g | F112: F220930s111.CHR | G112: 44834 | H112: 0.73460648 | I112: CH4 | J112: 1.406 | K112: 1.1865 | L112: 5.4498 | M112: ppm | N112: CO2 | O112: 1.933 | P112: 567.4688 | Q112: 1887.6603 | R112: ppm | S112: E220930s111.CHR | T112: 44834 | U112: 0.73460648 | V112: O2 | W112: 1.163 | X112: 3564.6067 | Y112: 180738.19 | Z112: N2O | AA112: 2.236 | AB112: 105.4024 | AC112: 0.2333 | AD112: ppm
A113: 112 | B113: BLANK | C113: BLANK | D113: 112 | E113: BLANK | F113: F220930s112.CHR | G113: 44834 | H113: 0.73836806 | I113: CH4 | J113: 1.403 | K113: 0.3432 | L113: 1.8023 | M113: ppm | N113: CO2 | O113: 1.926 | P113: 104.0816 | Q113: 175.0987 | R113: ppm | S113: E220930s112.CHR | T113: 44834 | U113: 0.73836806 | V113: O2 | W113: 1.16 | X113: 3243.4156 | Y113: 138211.24 | Z113: N2O | AA113: 2.23 | AB113: 68.7171 | AC113: 0.0829 | AD113: ppm
A114: 113 | B114: Check Standard | C114: CHECK | D114: 113 | E114: ChkStd3 | F114: F220930s113.CHR | G114: 44834 | H114: 0.74211806 | I114: CH4 | J114: 1.416 | K114: 0.6741 | L114: 3.2335 | M114: ppm | N114: CO2 | O114: 1.943 | P114: 167.6911 | Q114: 410.1833 | R114: ppm | S114: E220930s113.CHR | T114: 44834 | U114: 0.74211806 | V114: O2 | W114: 1.173 | X114: 3962.3873 | Y114: 239402.38 | Z114: N2O | AA114: 2.246 | AB114: 101.3646 | AC114: 0.2167 | AD114: ppm
A115: 114 | B115: BLANK | C115: BLANK | D115: 114 | E115: BLANK | F115: F220930s114.CHR | G115: 44834 | H115: 0.74587963 | I115: CH4 | J115: 1.4 | K115: 0.3346 | L115: 1.7651 | M115: ppm | N115: CO2 | O115: 1.926 | P115: 95.4939 | Q115: 143.3607 | R115: ppm | S115: E220930s114.CHR | T115: 44834 | U115: 0.74587963 | V115: O2 | W115: 1.16 | X115: 3134.5362 | Y115: 127270.15 | Z115: N2O | AA115: 2.23 | AB115: 64.8126 | AC115: 0.0669 | AD115: ppm
A116: 115 | B116: ACSA | C116: SM4 | D116: 115 | E116: =D116&"g" -> 115g | F116: F220930s115.CHR | G116: 44834 | H116: 0.74962963 | I116: CH4 | J116: 1.41 | K116: 2677.796 | L116: 11582.377 | M116: ppm | N116: CO2 | O116: 1.94 | P116: 1174.7518 | Q116: 4132.0243 | R116: ppm | S116: E220930s115.CHR | T116: 44834 | U116: 0.74962963 | V116: O2 | W116: 1.17 | X116: 3581.9983 | Y116: 183303.08 | Z116: N2O | AA116: 2.233 | AB116: 117.958 | AC116: 0.2847 | AD116: ppm
A117: 116 | B117: BLANK | C117: BLANK | D117: 116 | E117: BLANK | F117: F220930s116.CHR | G117: 44834 | H117: 0.75337963 | I117: CH4 | J117: 1.413 | K117: 3.2327 | L117: 14.3001 | M117: ppm | N117: CO2 | O117: 1.933 | P117: 96.129 | Q117: 145.7079 | R117: ppm | S117: E220930s116.CHR | T117: 44834 | U117: 0.75337963 | V117: O2 | W117: 1.166 | X117: 3135.7644 | Y117: 127389.84 | Z117: N2O | AA117: 2.236 | AB117: 61.1448 | AC117: 0.0519 | AD117: ppm
A118: 117 | B118: BEAL | C118: CUL8R | D118: 117 | E118: =D118&"g" -> 117g | F118: F220930s117.CHR | G118: 44834 | H118: 0.75712963 | I118: CH4 | J118: 1.413 | K118: 0.6794 | L118: 3.2565 | M118: ppm | N118: CO2 | O118: 1.94 | P118: 710.0402 | Q118: 2414.568 | R118: ppm | S118: E220930s117.CHR | T118: 44834 | U118: 0.75712963 | V118: O2 | W118: 1.17 | X118: 3672.9647 | Y118: 196718.69 | Z118: N2O | AA118: 2.236 | AB118: 106.7004 | AC118: 0.2386 | AD118: ppm
A119: 118 | B119: BLANK | C119: BLANK | D119: 118 | E119: BLANK | F119: F220930s118.CHR | G119: 44834 | H119: 0.76087963 | I119: CH4 | J119: 1.403 | K119: 0.3632 | L119: 1.8888 | M119: ppm | N119: CO2 | O119: 1.926 | P119: 109.6718 | Q119: 195.7586 | R119: ppm | S119: E220930s118.CHR | T119: 44834 | U119: 0.76087963 | V119: O2 | W119: 1.16 | X119: 3388.6268 | Y119: 155270.52 | Z119: N2O | AA119: 2.226 | AB119: 73.7868 | AC119: 0.1037 | AD119: ppm
A120: 119 | B120: BEAL | C120: YB10 | D120: 119 | E120: =D120&"g" -> 119g | F120: F220930s119.CHR | G120: 44834 | H120: 0.76462963 | I120: CH4 | J120: 1.413 | K120: 1.8442 | L120: 8.2945 | M120: ppm | N120: CO2 | O120: 1.94 | P120: 273.5997 | Q120: 801.5946 | R120: ppm | S120: E220930s119.CHR | T120: 44834 | U120: 0.76462963 | V120: O2 | W120: 1.17 | X120: 3711.2926 | Y120: 202371.24 | Z120: N2O | AA120: 2.236 | AB120: 93.365 | AC120: 0.1839 | AD120: ppm
A121: 120 | B121: BLANK | C121: BLANK | D121: 120 | E121: BLANK | F121: F220930s120.CHR | G121: 44834 | H121: 0.76837963 | I121: CH4 | J121: 1.403 | K121: 0.3121 | L121: 1.6678 | M121: ppm | N121: CO2 | O121: 1.926 | P121: 88.6771 | Q121: 118.1675 | R121: ppm | S121: E220930s120.CHR | T121: 44834 | U121: 0.76837963 | V121: O2 | W121: 1.16 | X121: 3067.4756 | Y121: 121112.06 | Z121: N2O | AA121: 2.226 | AB121: 58.4944 | AC121: 0.041 | AD121: ppm
A122: 121 | B122: BEAL | C122: YB11 | D122: 121 | E122: =D122&"g" -> 121g | F122: F220930s121.CHR | G122: 44834 | H122: 0.77215278 | I122: CH4 | J122: 1.41 | K122: 1205.9154 | L122: 5216.1682 | M122: ppm | N122: CO2 | O122: 1.936 | P122: 1325.6216 | Q122: 4689.6008 | R122: ppm | S122: E220930s121.CHR | T122: 44834 | U122: 0.77215278 | V122: O2 | W122: 1.166 | X122: 3542.5674 | Y122: 177487.86 | Z122: N2O | AA122: 2.23 | AB122: 125.4664 | AC122: 0.3155 | AD122: ppm
A123: 122 | B123: BLANK | C123: BLANK | D123: 122 | E123: BLANK | F123: F220930s122.CHR | G123: 44834 | H123: 0.77590278 | I123: CH4 | J123: 1.413 | K123: 4.1956 | L123: 18.4648 | M123: ppm | N123: CO2 | O123: 1.933 | P123: 99.6749 | Q123: 158.8126 | R123: ppm | S123: E220930s122.CHR | T123: 44834 | U123: 0.77590278 | V123: O2 | W123: 1.166 | X123: 3223.2326 | Y123: 136101.28 | Z123: N2O | AA123: 2.233 | AB123: 63.1084 | AC123: 0.0599 | AD123: ppm
A124: 123 | B124: BEAL | C124: YB11' | D124: 123 | E124: =D124&"g" -> 123g | F124: F220930s123.CHR | G124: 44834 | H124: 0.77965278 | I124: CH4 | J124: 1.41 | K124: 1.0426 | L124: 4.8274 | M124: ppm | N124: CO2 | O124: 1.94 | P124: 1103.796 | Q124: 3869.7896 | R124: ppm | S124: E220930s123.CHR | T124: 44834 | U124: 0.77965278 | V124: O2 | W124: 1.166 | X124: 3681.9848 | Y124: 198048.97 | Z124: N2O | AA124: 2.233 | AB124: 121.3499 | AC124: 0.2986 | AD124: ppm
A125: 124 | B125: BLANK | C125: BLANK | D125: 124 | E125: BLANK | F125: F220930s124.CHR | G125: 44834 | H125: 0.78341435 | I125: CH4 | J125: 1.41 | K125: 0.301 | L125: 1.6198 | M125: ppm | N125: CO2 | O125: 1.933 | P125: 92.7918 | Q125: 133.3744 | R125: ppm | S125: E220930s124.CHR | T125: 44834 | U125: 0.78341435 | V125: O2 | W125: 1.166 | X125: 3135.4264 | Y125: 127356.9 | Z125: N2O | AA125: 2.233 | AB125: 59.7158 | AC125: 0.046 | AD125: ppm
A126: 125 | B126: BEAL | C126: YB12 | D126: 125 | E126: =D126&"g" -> 125g | F126: F220930s125.CHR | G126: 44834 | H126: 0.78716435 | I126: CH4 | J126: 1.413 | K126: 0.961 | L126: 4.4745 | M126: ppm | N126: CO2 | O126: 1.936 | P126: 589.4312 | Q126: 1968.8277 | R126: ppm | S126: E220930s125.CHR | T126: 44834 | U126: 0.78716435 | V126: O2 | W126: 1.17 | X126: 3656.0242 | Y126: 194220.33 | Z126: N2O | AA126: 2.233 | AB126: 101.4971 | AC126: 0.2173 | AD126: ppm
A127: 126 | B127: BLANK | C127: BLANK | D127: 126 | E127: BLANK | F127: F220930s126.CHR | G127: 44834 | H127: 0.79091435 | I127: CH4 | J127: 1.41 | K127: 0.3332 | L127: 1.7591 | M127: ppm | N127: CO2 | O127: 1.933 | P127: 93.6729 | Q127: 136.6308 | R127: ppm | S127: E220930s126.CHR | T127: 44834 | U127: 0.79091435 | V127: O2 | W127: 1.166 | X127: 3217.0382 | Y127: 135453.71 | Z127: N2O | AA127: 2.236 | AB127: 60.806 | AC127: 0.0505 | AD127: ppm
A128: 127 | B128: BEAL | C128: YB13 | D128: 127 | E128: =D128&"g" -> 127g | F128: F220930s127.CHR | G128: 44834 | H128: 0.79467593 | I128: CH4 | J128: 1.413 | K128: 1.836 | L128: 8.259 | M128: ppm | N128: CO2 | O128: 1.943 | P128: 2231.4546 | Q128: 8037.3299 | R128: ppm | S128: E220930s127.CHR | T128: 44834 | U128: 0.79467593 | V128: O2 | W128: 1.166 | X128: 3606.0726 | Y128: 186853.53 | Z128: N2O | AA128: 2.23 | AB128: 147.3049 | AC128: 0.405 | AD128: ppm
A129: 128 | B129: BLANK | C129: BLANK | D129: 128 | E129: BLANK | F129: F220930s128.CHR | G129: 44834 | H129: 0.7984375 | I129: CH4 | J129: 1.396 | K129: 0.3066 | L129: 1.644 | M129: ppm | N129: CO2 | O129: 1.92 | P129: 110.5505 | Q129: 199.0061 | R129: ppm | S129: E220930s128.CHR | T129: 44834 | U129: 0.7984375 | V129: O2 | W129: 1.16 | X129: 3183.6488 | Y129: 132056.1 | Z129: N2O | AA129: 2.22 | AB129: 66.2395 | AC129: 0.0727 | AD129: ppm
A130: 129 | B130: BEAL | C130: YB14 | D130: 129 | E130: =D130&"g" -> 129g | F130: F220930s129.CHR | G130: 44834 | H130: 0.80219907 | I130: CH4 | J130: 1.4 | K130: 0.7938 | L130: 3.7513 | M130: ppm | N130: CO2 | O130: 1.933 | P130: 2626.7596 | Q130: 9498.2769 | R130: ppm | S130: E220930s129.CHR | T130: 44834 | U130: 0.80219907 | V130: O2 | W130: 1.16 | X130: 3512.9406 | Y130: 173118.54 | Z130: N2O | AA130: 2.22 | AB130: 179.098 | AC130: 0.5353 | AD130: ppm
A131: 130 | B131: BLANK | C131: BLANK | D131: 130 | E131: BLANK | F131: F220930s130.CHR | G131: 44834 | H131: 0.80596065 | I131: CH4 | J131: 1.406 | K131: 0.2699 | L131: 1.4853 | M131: ppm | N131: CO2 | O131: 1.926 | P131: 90.5784 | Q131: 125.1943 | R131: ppm | S131: E220930s130.CHR | T131: 44834 | U131: 0.80596065 | V131: O2 | W131: 1.166 | X131: 2982.3504 | Y131: 113741.44 | Z131: N2O | AA131: 2.226 | AB131: 58.8275 | AC131: 0.0424 | AD131: ppm
A132: 131 | B132: BEAL | C132: YB15 | D132: 131 | E132: =D132&"g" -> 131g | F132: F220930s131.CHR | G132: 44834 | H132: 0.80972222 | I132: CH4 | J132: 1.416 | K132: 47.129 | L132: 204.1612 | M132: ppm | N132: CO2 | O132: 1.94 | P132: 813.298 | Q132: 2796.1827 | R132: ppm | S132: E220930s131.CHR | T132: 44834 | U132: 0.80972222 | V132: O2 | W132: 1.17 | X132: 3690.8892 | Y132: 199362.17 | Z132: N2O | AA132: 2.236 | AB132: 107.1527 | AC132: 0.2404 | AD132: ppm
A133: 132 | B133: BLANK | C133: BLANK | D133: 132 | E133: BLANK | F133: F220930s132.CHR | G133: 44834 | H133: 0.81347222 | I133: CH4 | J133: 1.4 | K133: 0.401 | L133: 2.0523 | M133: ppm | N133: CO2 | O133: 1.923 | P133: 90.2811 | Q133: 124.0955 | R133: ppm | S133: E220930s132.CHR | T133: 44834 | U133: 0.81347222 | V133: O2 | W133: 1.16 | X133: 3042.5218 | Y133: 118904.46 | Z133: N2O | AA133: 2.223 | AB133: 56.6622 | AC133: 0.0335 | AD133: ppm
A134: 133 | B134: Check Standard | C134: CHECK | D134: 133 | E134: ChkStd4 | F134: F220930s133.CHR | G134: 44834 | H134: 0.8172338 | I134: CH4 | J134: 1.413 | K134: 0.672 | L134: 3.2245 | M134: ppm | N134: CO2 | O134: 1.936 | P134: 171.3924 | Q134: 423.8623 | R134: ppm | S134: E220930s133.CHR | T134: 44834 | U134: 0.8172338 | V134: O2 | W134: 1.17 | X134: 3987.2734 | Y134: 243072.55 | Z134: N2O | AA134: 2.24 | AB134: 104.8708 | AC134: 0.2311 | AD134: ppm
A135: 134 | B135: BLANK | C135: BLANK | D135: 134 | E135: BLANK | F135: F220930s134.CHR | G135: 44834 | H135: 0.82099537 | I135: CH4 | J135: 1.4 | K135: 0.3722 | L135: 1.9278 | M135: ppm | N135: CO2 | O135: 1.923 | P135: 105.7916 | Q135: 181.4184 | R135: ppm | S135: E220930s134.CHR | T135: 44834 | U135: 0.82099537 | V135: O2 | W135: 1.16 | X135: 3278.9424 | Y135: 142076.39 | Z135: N2O | AA135: 2.223 | AB135: 65.483 | AC135: 0.0696 | AD135: ppm
A136: 135 | B136: BEAL | C136: YB3 | D136: 135 | E136: =D136&"g" -> 135g | F136: F220930s135.CHR | G136: 44834 | H136: 0.82474537 | I136: CH4 | J136: 1.4 | K136: 0.4471 | L136: 2.2517 | M136: ppm | N136: CO2 | O136: 1.923 | P136: 267.108 | Q136: 777.6029 | R136: ppm | S136: E220930s135.CHR | T136: 44834 | U136: 0.82474537 | V136: O2 | W136: 1.16 | X136: 3534.9997 | Y136: 176371.79 | Z136: N2O | AA136: 2.223 | AB136: 90.0544 | AC136: 0.1704 | AD136: ppm
A137: 136 | B137: BLANK | C137: BLANK | D137: 136 | E137: BLANK | F137: F220930s136.CHR | G137: 44834 | H137: 0.82849537 | I137: CH4 | J137: 1.403 | K137: 0.305 | L137: 1.6371 | M137: ppm | N137: CO2 | O137: 1.926 | P137: 85.256 | Q137: 105.524 | R137: ppm | S137: E220930s136.CHR | T137: 44834 | U137: 0.82849537 | V137: O2 | W137: 1.16 | X137: 2986.0608 | Y137: 114059.81 | Z137: N2O | AA137: 2.223 | AB137: 56.2174 | AC137: 0.0317 | AD137: ppm
A138: 137 | B138: BEAL | C138: YB4 | D138: 137 | E138: =D138&"g" -> 137g | F138: F220930s137.CHR | G138: 44834 | H138: 0.83225694 | I138: CH4 | J138: 1.346 | K138: 9963.3988 | L138: 43094.217 | M138: ppm | N138: CO2 | O138: 1.93 | P138: 14908.222 | Q138: 54887.447 | R138: ppm | S138: E220930s137.CHR | T138: 44834 | U138: 0.83225694 | V138: O2 | W138: 1.16 | X138: 2430.9096 | Y138: 74404.67 | Z138: N2O | AA138: 2.223 | AB138: 191.4602 | AC138: 0.586 | AD138: ppm
A139: 138 | B139: BLANK | C139: BLANK | D139: 138 | E139: BLANK | F139: F220930s138.CHR | G139: 44834 | H139: 0.83601852 | I139: CH4 | J139: 1.416 | K139: 10.8249 | L139: 47.138 | M139: ppm | N139: CO2 | O139: 1.936 | P139: 103.5499 | Q139: 173.1336 | R139: ppm | S139: E220930s138.CHR | T139: 44834 | U139: 0.83601852 | V139: O2 | W139: 1.17 | X139: 3244.4418 | Y139: 138318.52 | Z139: N2O | AA139: 2.236 | AB139: 63.0852 | AC139: 0.0598 | AD139: ppm
A140: 139 | B140: BEAL | C140: YB5 | D140: 139 | E140: =D140&"g" -> 139g | F140: F220930s139.CHR | G140: 44834 | H140: 0.83976852 | I140: CH4 | J140: 1.413 | K140: 526.895 | L140: 2279.2551 | M140: ppm | N140: CO2 | O140: 1.946 | P140: 2120.5052 | Q140: 7627.289 | R140: ppm | S140: E220930s139.CHR | T140: 44834 | U140: 0.83976852 | V140: O2 | W140: 1.17 | X140: 3611.2689 | Y140: 187619.87 | Z140: N2O | AA140: 2.236 | AB140: 145.3264 | AC140: 0.3969 | AD140: ppm
A141: 140 | B141: BLANK | C141: BLANK | D141: 140 | E141: BLANK | F141: F220930s140.CHR | G141: 44834 | H141: 0.84353009 | I141: CH4 | J141: 1.413 | K141: 0.6268 | L141: 3.029 | M141: ppm | N141: CO2 | O141: 1.936 | P141: 87.038 | Q141: 112.1099 | R141: ppm | S141: E220930s140.CHR | T141: 44834 | U141: 0.84353009 | V141: O2 | W141: 1.166 | X141: 3045.2206 | Y141: 119136.03 | Z141: N2O | AA141: 2.24 | AB141: 55.3735 | AC141: 0.0282 | AD141: ppm
...

Sheet Standard Concentrations
A1: Sample | B1: Stock [CO2] | C1: Stock [CH4] | D1: Stock [N2O] | E1: Stock [O2] | F1: mL Stock | G1: mL N2 | H1: [CO2] (ppm) | I1: [CH4] (ppm) | J1: [N2O] (ppm) | K1: [O2] (ppm)
A2: Lab Air Blank | B2: NA | C2: NA | D2: NA | E2: NA | F2: NA | G2: NA | H2: NA | I2: NA | J2: NA | K2: NA
A3: N2 | B3: 0 | C3: 0 | D3: 0 | E3: 0 | F3: 0 | G3: 18 | H3: 0 | I3: 0 | J3: 0 | K3: 0
A4: Outdoor Air 1 | B4: 415 | C4: 1.8 | D4: 0.325 | E4: 209500 | F4: 0 | G4: 18 | H4: 0 | I4: 0 | J4: 0 | K4: 0
A5: Outdoor Air 2 | B5: 415 | C5: 1.8 | D5: 0.325 | E5: 209500 | F5: 3 | G5: 15 | H5: 69.166667 | I5: 0.3 | J5: 0.0541667 | K5: 34916.667
A6: Outdoor Air 3 | B6: 415 | C6: 1.8 | D6: 0.325 | E6: 209500 | F6: 6 | G6: 12 | H6: 138.33333 | I6: 0.6 | J6: 0.108333 | K6: 69833.333
A7: Outdoor Air 4 | B7: 415 | C7: 1.8 | D7: 0.325 | E7: 209500 | F7: 9 | G7: 9 | H7: 207.5 | I7: 0.9 | J7: 0.1625 | K7: 104750
A8: Outdoor Air 5 | B8: 415 | C8: 1.8 | D8: 0.325 | E8: 209500 | F8: 12 | G8: 6 | H8: 276.66667 | I8: 1.2 | J8: 0.216667 | K8: 139666.67
A9: Outdoor Air 6 | B9: 415 | C9: 1.8 | D9: 0.325 | E9: 209500 | F9: 15 | G9: 3 | H9: 345.83333 | I9: 1.5 | J9: 0.270833 | K9: 174583.33
A10: Outdoor Air 7 | B10: 415 | C10: 1.8 | D10: 0.325 | E10: 209500 | F10: 18 | G10: 0 | H10: 415 | I10: 1.8 | J10: 0.325 | K10: 209500
A11: Oxygen Standard 1 | B11: 0 | C11: 0 | D11: 0 | E11: 1000000 | F11: 0 | G11: 18 | H11: 0 | I11: 0 | J11: 0 | K11: 0
A12: Oxygen Standard 2 | B12: 0 | C12: 0 | D12: 0 | E12: 1000000 | F12: 0.5 | G12: 17.5 | H12: 0 | I12: 0 | J12: 0 | K12: 27777.778
A13: Oxygen Standard 3 | B13: 0 | C13: 0 | D13: 0 | E13: 1000000 | F13: 1 | G13: 17 | H13: 0 | I13: 0 | J13: 0 | K13: 55555.556
A14: Oxygen Standard 4 | B14: 0 | C14: 0 | D14: 0 | E14: 1000000 | F14: 2 | G14: 16 | H14: 0 | I14: 0 | J14: 0 | K14: 111111.11
... A20: SB5 | B20: 10080 | C20: 5029 | D20: 5 | E20: 202000 | F20: 18 | G20: 0 | H20: 10080 | I20: 5029 | J20: 5 | K20: 202000
A21: SB6 | B21: 49990 | C21: 60340 | D21: 20 | F21: 18 | G21: 0 | H21: 49990 | I21: 60340 | J21: 20 | K21: 0

Sheet Run 1 Curves 1
A1: Autosampler Position | B1: Species ID | C1: Tree ID | D1: Lab No | E1: Lab ID | F1: FID File | G1: FID Date | H1: FID Time | I1: FID Channel CH4 | J1: Certified Value CO2 | K1: CH4 Area | L1: CH4 ppm | M1: CH4 Unit | N1: FID Channel CO2 | O1: Certified Value CO2 | P1: CO2 Area | Q1: CO2 ppm | R1: CO2 Unit | S1: ECD File | T1: ECD Date | U1: ECD Time | V1: ECD Channel O2 | W1: Certified Value O2 | X1: O2 Area | Y1: O2 ppm | Z1: ECD Channel N2O | AA1: Certified Value N2O | AB1: N2O Area | AC1: N2O ppm | AD1: N2O Unit | AE1: [CO2] (ppm) | AF1: [CH4] (ppm) | AG1: [N2O] (ppm) | AH1: [O2] (ppm)
A2: 1 | B2: Lab Air Blank | C2: NA | D2: 1 | E2: Std1 | F2: F220930s01.CHR | G2: 44834 | H2: 0.32184028 | I2: CH4 | J2: 1.4 | K2: 0.2784 | L2: 1.5221 | M2: ppm | N2: CO2 | O2: 1.913 | P2: 95.474 | Q2: 143.2872 | R2: ppm | S2: E220930s01.CHR | T2: 44834 | U2: 0.32184028 | V2: O2 | W2: 1.163 | X2: 3236.0892 | Y2: 137445.32 | Z2: N2O | AA2: 2.213 | AB2: 51.8202 | AC2: 0.0136 | AD2: ppm
A3: 2 | B3: Lab Air Blank | C3: NA | D3: 2 | E3: Std2 | F3: F220930s02.CHR | G3: 44834 | H3: 0.32559028 | I3: CH4 | J3: 1.406 | K3: 0.2904 | L3: 1.574 | M3: ppm | N3: CO2 | O3: 1.92 | P3: 89.7547 | Q3: 122.1501 | R3: ppm | S3: E220930s02.CHR | T3: 44834 | U3: 0.32559028 | V3: O2 | W3: 1.166 | X3: 3113.7458 | Y3: 125334.54 | Z3: N2O | AA3: 2.216 | AB3: 49.3968 | AC3: 0.0037 | AD3: ppm
A4: 3 | B4: Lab Air Blank | C4: NA | D4: 3 | E4: Std3 | F4: F220930s03.CHR | G4: 44834 | H4: 0.32934028 | I4: CH4 | J4: 1.4 | K4: 0.3183 | L4: 1.6946 | M4: ppm | N4: CO2 | O4: 1.913 | P4: 102.7178 | Q4: 170.0584 | R4: ppm | S4: E220930s03.CHR | T4: 44834 | U4: 0.32934028 | V4: O2 | W4: 1.163 | X4: 3259.7308 | Y4: 139916.85 | Z4: N2O | AA4: 2.21 | AB4: 59.891 | AC4: 0.0467 | AD4: ppm
A5: 4 | B5: Lab Air Blank | C5: NA | D5: 4 | E5: Std4 | F5: F220930s04.CHR | G5: 44834 | H5: 0.33309028 | I5: CH4 | J5: 1.403 | K5: 0.3652 | L5: 1.8975 | M5: ppm | N5: CO2 | O5: 1.916 | P5: 109.1048 | Q5: 193.6631 | R5: ppm | S5: E220930s04.CHR | T5: 44834 | U5: 0.33309028 | V5: O2 | W5: 1.163 | X5: 3417.0822 | Y5: 159076.31 | Z5: N2O | AA5: 2.213 | AB5: 62.9926 | AC5: 0.0594 | AD5: ppm
A6: 5 | B6: Lab Air Blank | C6: NA | D6: 5 | E6: Std5 | F6: F220930s05.CHR | G6: 44834 | H6: 0.33685185 | I6: CH4 | J6: 1.403 | K6: 0.2958 | L6: 1.5973 | M6: ppm | N6: CO2 | O6: 1.913 | P6: 90.868 | Q6: 126.2646 | R6: ppm | S6: E220930s05.CHR | T6: 44834 | U6: 0.33685185 | V6: O2 | W6: 1.16 | X6: 3152.4221 | Y6: 129013.1 | Z6: N2O | AA6: 2.21 | AB6: 55.7088 | AC6: 0.0296 | AD6: ppm
A7: 6 | B7: Lab Air Blank | C7: NA | D7: 6 | E7: Std6 | F7: F220930s06.CHR | G7: 44834 | H7: 0.34061343 | I7: CH4 | J7: 1.41 | K7: 0.307 | L7: 1.6458 | M7: ppm | N7: CO2 | O7: 1.923 | P7: 88.9572 | Q7: 119.2027 | R7: ppm | S7: E220930s06.CHR | T7: 44834 | U7: 0.34061343 | V7: O2 | W7: 1.166 | X7: 3163.6668 | Y7: 130108.88 | Z7: N2O | AA7: 2.223 | AB7: 53.4684 | AC7: 0.0204 | AD7: ppm
A8: 7 | B8: Lab Air Blank | C8: NA | D8: 7 | E8: Std7 | F8: F220930s07.CHR | G8: 44834 | H8: 0.34436343 | I8: CH4 | J8: 1.413 | K8: 0.3333 | L8: 1.7595 | M8: ppm | N8: CO2 | O8: 1.926 | P8: 98.7931 | Q8: 155.5537 | R8: ppm | S8: E220930s07.CHR | T8: 44834 | U8: 0.34436343 | V8: O2 | W8: 1.17 | X8: 3300.4507 | Y8: 144501.4 | Z8: N2O | AA8: 2.226 | AB8: 56.1868 | AC8: 0.0315 | AD8: ppm
A9: 8 | B9: Lab Air Blank | C9: NA | D9: 8 | E9: Std8 | F9: F220930s08.CHR | G9: 44834 | H9: 0.34811343 | I9: CH4 | J9: 1.4 | K9: 0.3154 | L9: 1.6821 | M9: ppm | N9: CO2 | O9: 1.913 | P9: 94.3666 | Q9: 139.1945 | R9: ppm | S9: E220930s08.CHR | T9: 44834 | U9: 0.34811343 | V9: O2 | W9: 1.16 | X9: 3154.477 | Y9: 129213.35 | Z9: N2O | AA9: 2.21 | AB9: 53.4439 | AC9: 0.0203 | AD9: ppm
A10: 9 | B10: Lab Air Blank | C10: NA | D10: 9 | E10: Std9 | F10: F220930s09.CHR | G10: 44834 | H10: 0.35186343 | I10: CH4 | J10: 1.41 | K10: 0.2837 | L10: 1.545 | M10: ppm | N10: CO2 | O10: 1.926 | P10: 84.5659 | Q10: 102.9736 | R10: ppm | S10: E220930s09.CHR | T10: 44834 | U10: 0.35186343 | V10: O2 | W10: 1.166 | X10: 3065.4079 | Y10: 120923.37 | Z10: N2O | AA10: 2.226 | AB10: 50.3889 | AC10: 0.0078 | AD10: ppm
A11: 10 | B11: Lab Air Blank | C11: NA | D11: 10 | E11: Std10 | F11: F220930s10.CHR | G11: 44834 | H11: 0.35561343 | I11: CH4 | J11: 1.406 | K11: 0.3539 | L11: 1.8486 | M11: ppm | N11: CO2 | O11: 1.923 | P11: 109.2335 | Q11: 194.1388 | R11: ppm | S11: E220930s10.CHR | T11: 44834 | U11: 0.35561343 | V11: O2 | W11: 1.17 | X11: 3316.991 | Y11: 146366.28 | Z11: N2O | AA11: 2.22 | AB11: 59.3886 | AC11: 0.0447 | AD11: ppm
A12: 12 | B12: Lab Air Blank | C12: NA | D12: 12 | E12: Std12 | F12: F220930s12.CHR | G12: 44834 | H12: 0.36313657 | I12: CH4 | J12: 1.406 | K12: 0.2922 | L12: 1.5817 | M12: ppm | N12: CO2 | O12: 1.92 | P12: 82.3047 | Q12: 94.6168 | R12: ppm | S12: E220930s12.CHR | T12: 44834 | U12: 0.36313657 | V12: O2 | W12: 1.166 | X12: 2901.2608 | Y12: 107152.77 | Z12: N2O | AA12: 2.216 | AB12: 48.3396 | AC12: 0 | AD12: ppm
A13: 14 | B13: Lab Air Blank | C13: NA | D13: 14 | E13: Std14 | F13: F220930s14.CHR | G13: 44834 | H13: 0.37064815 | I13: CH4 | J13: 1.4 | K13: 0.306 | L13: 1.6414 | M13: ppm | N13: CO2 | O13: 1.913 | P13: 94.8185 | Q13: 140.8646 | R13: ppm | S13: E220930s14.CHR | T13: 44834 | U13: 0.37064815 | V13: O2 | W13: 1.16 | X13: 3156.3932 | Y13: 129400.08 | Z13: N2O | AA13: 2.21 | AB13: 57.3174 | AC13: 0.0362 | AD13: ppm
... A36: 54 | B36: Lab Air Blank | C36: NA | D36: 54 | E36: Std54 | F36: F220930s54.CHR | G36: 44834 | H36: 0.52103009 | I36: CH4 | J36: 1.41 | K36: 0.3578 | L36: 1.8655 | M36: ppm | N36: CO2 | O36: 1.946 | P36: 99.1488 | Q36: 156.8683 | R36: ppm | S36: E220930s54.CHR | T36: 44834 | U36: 0.52103009 | V36: O2 | W36: 1.166 | X36: 3073.4656 | Y36: 121658.69 | Z36: N2O | AA36: 2.256 | AB36: 62.1319 | AC36: 0.0559 | AD36: ppm
A37: 11 | B37: N2 | C37: NA | D37: 11 | E37: Std11 | F37: F220930s11.CHR | G37: 44834 | H37: 0.359375 | I37: CH4 | J37: 0 | K37: 0 | L37: 0 | M37: ppm | N37: CO2 | O37: 1.923 | P37: 42.255 | Q37: 0 | R37: ppm | S37: E220930s11.CHR | T37: 44834 | U37: 0.359375 | V37: O2 | W37: 1.166 | X37: 1197.8328 | Y37: 10817.772 | Z37: N2O | AA37: 2.22 | AB37: 18.776 | AC37: 0 | AD37: ppm | AE37: 0 | AF37: 0 | AG37: 0 | AH37: 0
A38: 27 | B38: Outdoor Air 1 | C38: NA | D38: 27 | E38: Std27 | F38: F220930s27.CHR | G38: 44834 | H38: 0.41944444 | I38: CH4 | J38: 0 | K38: 0 | L38: 0 | M38: ppm | N38: CO2 | O38: 1.93 | P38: 12.7037 | Q38: 0 | R38: ppm | S38: E220930s27.CHR | T38: 44834 | U38: 0.41944444 | V38: O2 | W38: 1.156 | X38: 940.1134 | Y38: 0 | Z38: N2O | AA38: 2.24 | AB38: 6.5976 | AC38: 0 | AD38: ppm | AE38: 0 | AF38: 0 | AG38: 0 | AH38: 0
A39: 29 | B39: Outdoor Air 2 | C39: NA | D39: 29 | E39: Std29 | F39: F220930s29.CHR | G39: 44834 | H39: 0.42694444 | I39: CH4 | J39: 1.413 | K39: 0.1488 | L39: 0.9615 | M39: ppm | N39: CO2 | O39: 1.943 | P39: 39.931 | Q39: 0 | R39: ppm | S39: E220930s29.CHR | T39: 44834 | U39: 0.42694444 | V39: O2 | W39: 1.166 | X39: 1768.8222 | Y39: 37612.2 | Z39: N2O | AA39: 2.246 | AB39: 21.1202 | AC39: 0 | AD39: ppm | AE39: 69.166667 | AF39: 0.3 | AG39: 0.0541667 | AH39: 34916.667
A40: 31 | B40: Outdoor Air 3 | C40: NA | D40: 31 | E40: Std31 | F40: F220930s31.CHR | G40: 44834 | H40: 0.43444444 | I40: CH4 | J40: 1.406 | K40: 0.1988 | L40: 1.1778 | M40: ppm | N40: CO2 | O40: 1.94 | P40: 54.9004 | Q40: 0 | R40: ppm | S40: E220930s31.CHR | T40: 44834 | U40: 0.43444444 | V40: O2 | W40: 1.16 | X40: 2264.008 | Y40: 64358.638 | Z40: N2O | AA40: 2.246 | AB40: 33.4742 | AC40: 0 | AD40: ppm | AE40: 138.33333 | AF40: 0.6 | AG40: 0.108333 | AH40: 69833.333
A41: 33 | B41: Outdoor Air 4 | C41: NA | D41: 33 | E41: Std33 | F41: F220930s33.CHR | G41: 44834 | H41: 0.44193287 | I41: CH4 | J41: 1.406 | K41: 0.2935 | L41: 1.5874 | M41: ppm | N41: CO2 | O41: 1.936 | P41: 93.246 | Q41: 135.053 | R41: ppm | S41: E220930s33.CHR | T41: 44834 | U41: 0.44193287 | V41: O2 | W41: 1.156 | X41: 2677.8558 | Y41: 90646.03 | Z41: N2O | AA41: 2.246 | AB41: 48.0352 | AC41: 0 | AD41: ppm | AE41: 207.5 | AF41: 0.9 | AG41: 0.1625 | AH41: 104750
A42: 35 | B42: Outdoor Air 5 | C42: NA | D42: 35 | E42: Std35 | F42: F220930s35.CHR | G42: 44834 | H42: 0.4494213 | I42: CH4 | J42: 1.4 | K42: 0.4035 | L42: 2.0631 | M42: ppm | N42: CO2 | O42: 1.93 | P42: 101.3862 | Q42: 165.1372 | R42: ppm | S42: E220930s35.CHR | T42: 44834 | U42: 0.4494213 | V42: O2 | W42: 1.156 | X42: 2961.9964 | Y42: 112070.41 | Z42: N2O | AA42: 2.233 | AB42: 62.1276 | AC42: 0.0559 | AD42: ppm | AE42: 276.66667 | AF42: 1.2 | AG42: 0.216667 | AH42: 139666.67
A43: 37 | B43: Outdoor Air 6 | C43: NA | D43: 37 | E43: Std37 | F43: F220930s37.CHR | G43: 44834 | H43: 0.4569213 | I43: CH4 | J43: 1.403 | K43: 0.4554 | L43: 2.2876 | M43: ppm | N43: CO2 | O43: 1.936 | P43: 113.7486 | Q43: 210.8255 | R43: ppm | S43: E220930s37.CHR | T43: 44834 | U43: 0.4569213 | V43: O2 | W43: 1.156 | X43: 3321.0814 | Y43: 146841.16 | Z43: N2O | AA43: 2.246 | AB43: 72.8684 | AC43: 0.0999 | AD43: ppm | AE43: 345.83333 | AF43: 1.5 | AG43: 0.270833 | AH43: 174583.33
A44: 39 | B44: Outdoor Air 7 | C44: NA | D44: 39 | E44: Std39 | F44: F220930s39.CHR | G44: 44834 | H44: 0.46440972 | I44: CH4 | J44: 1.403 | K44: 0.5378 | L44: 2.644 | M44: ppm | N44: CO2 | O44: 1.936 | P44: 138.1706 | Q44: 301.083 | R44: ppm | S44: E220930s39.CHR | T44: 44834 | U44: 0.46440972 | V44: O2 | W44: 1.16 | X44: 3632.2025 | Y44: 190707.13 | Z44: N2O | AA44: 2.246 | AB44: 90.6894 | AC44: 0.173 | AD44: ppm | AE44: 415 | AF44: 1.8 | AG44: 0.325 | AH44: 209500
A45: 43 | B45: Oxygen Standard 1 | C45: NA | D45: 43 | E45: Std43 | F45: F220930s43.CHR | G45: 44834 | H45: 0.4794213 | I45: CH4 | J45: 0 | K45: 0 | L45: 0 | M45: ppm | N45: CO2 | O45: 1.936 | P45: 8.9723 | Q45: 0 | R45: ppm | S45: E220930s43.CHR | T45: 44834 | U45: 0.4794213 | V45: O2 | W45: 1.153 | X45: 781.4982 | Y45: 0 | Z45: N2O | AA45: 0 | AB45: 0 | AC45: 0 | AD45: ppm | AE45: 0 | AF45: 0 | AG45: 0 | AH45: 0
A46: 45 | B46: Oxygen Standard 2 | C46: NA | D46: 45 | E46: Std45 | F46: F220930s45.CHR | G46: 44834 | H46: 0.4869213 | I46: CH4 | J46: 0 | K46: 0 | L46: 0 | M46: ppm | N46: CO2 | O46: 1.936 | P46: 16.662 | Q46: 0 | R46: ppm | S46: E220930s45.CHR | T46: 44834 | U46: 0.4869213 | V46: O2 | W46: 1.156 | X46: 1655.343 | Y46: 31987.663 | Z46: N2O | AA46: 2.243 | AB46: 6.0114 | AC46: 0 | AD46: ppm | AE46: 0 | AF46: 0 | AG46: 0 | AH46: 27777.778
A47: 47 | B47: Oxygen Standard 3 | C47: NA | D47: 47 | E47: Std47 | F47: F220930s47.CHR | G47: 44834 | H47: 0.4944213 | I47: CH4 | J47: 0 | K47: 0 | L47: 0 | M47: ppm | N47: CO2 | O47: 1.936 | P47: 13.3037 | Q47: 0 | R47: ppm | S47: E220930s47.CHR | T47: 44834 | U47: 0.4944213 | V47: O2 | W47: 1.156 | X47: 2049.4194 | Y47: 52256.622 | Z47: N2O | AA47: 2.246 | AB47: 7.3668 | AC47: 0 | AD47: ppm | AE47: 0 | AF47: 0 | AG47: 0 | AH47: 55555.556
A48: 49 | B48: Oxygen Standard 4 | C48: NA | D48: 49 | E48: Std49 | F48: F220930s49.CHR | G48: 44834 | H48: 0.50190972 | I48: CH4 | J48: 0 | K48: 0 | L48: 0 | M48: ppm | N48: CO2 | O48: 1.943 | P48: 11.8392 | Q48: 0 | R48: ppm | S48: E220930s49.CHR | T48: 44834 | U48: 0.50190972 | V48: O2 | W48: 1.16 | X48: 2794.3532 | Y48: 98986.728 | Z48: N2O | AA48: 2.24 | AB48: 6.8631 | AC48: 0 | AD48: ppm | AE48: 0 | AF48: 0 | AG48: 0 | AH48: 111111.11
... A55: 23 | B55: SB6 | C55: NA | D55: 23 | E55: Std23 | F55: F220930s23.CHR | G55: 44834 | H55: 0.40443287 | I55: CH4 | J55: 1.383 | K55: 9889.3145 | L55: 42773.786 | M55: ppm | N55: CO2 | O55: 1.92 | P55: 11978.617 | Q55: 44060.372 | R55: ppm | S55: E220930s23.CHR | T55: 44834 | U55: 0.40443287 | V55: O2 | W55: 1.156 | X55: 1211.9922 | Y55: 11438.959 | Z55: N2O | AA55: 2.22 | AB55: 4841.1834 | AC55: 19.6447 | AD55: ppm | AE55: 49990 | AF55: 60340 | AG55: 20 | AH55: 0

Sheet Run 1 Curves 2
A1: Autosampler Position | B1: Species ID | C1: Tree ID | D1: Lab No | E1: Lab ID | F1: FID File | G1: FID Date | H1: FID Time | I1: FID Channel CH4 | J1: Certified Value CO2 | K1: CH4 Area | L1: CH4 ppm | M1: CH4 Unit | N1: FID Channel CO2 | O1: Certified Value CO2 | P1: CO2 Area | Q1: CO2 ppm | R1: CO2 Unit | S1: ECD File | T1: ECD Date | U1: ECD Time | V1: ECD Channel O2 | W1: Certified Value O2 | X1: O2 Area | Y1: O2 ppm | Z1: ECD Channel N2O | AA1: Certified Value N2O | AB1: N2O Area | AC1: N2O ppm | AD1: N2O Unit | AE1: [CO2] (ppm) | AF1: [CH4] (ppm) | AG1: [N2O] (ppm) | AH1: [O2] (ppm)
A2: 248 | B2: Lab Air Blank | C2: NA | D2: 248 | E2: Std 58 | F2: F220930s248.CHR | G2: 44835 | H2: 0.24912037 | I2: CH4 | J2: 1.41 | K2: 0.2816 | L2: 1.5359 | M2: ppm | N2: CO2 | O2: 1.936 | P2: 86.5304 | Q2: 110.2339 | R2: ppm | S2: E220930s248.CHR | T2: 44835 | U2: 0.24912037 | V2: O2 | W2: 1.166 | X2: 3036.54 | Y2: 118391.19 | Z2: N2O | AA2: 2.24 | AB2: 54.9326 | AC2: 0.0264 | AD2: ppm
A3: 250 | B3: Lab Air Blank | C3: NA | D3: 250 | E3: Std 60 | F3: F220930s250.CHR | G3: 44835 | H3: 0.25663194 | I3: CH4 | J3: 1.4 | K3: 0.3841 | L3: 1.9792 | M3: ppm | N3: CO2 | O3: 1.923 | P3: 102.1437 | Q3: 167.9367 | R3: ppm | S3: E220930s250.CHR | T3: 44835 | U3: 0.25663194 | V3: O2 | W3: 1.16 | X3: 3182.0819 | Y3: 131903.41 | Z3: N2O | AA3: 2.226 | AB3: 65.8062 | AC3: 0.071 | AD3: ppm
A4: 252 | B4: Lab Air Blank | C4: NA | D4: 252 | E4: Std 62 | F4: F220930s252.CHR | G4: 44835 | H4: 0.26413194 | I4: CH4 | J4: 1.403 | K4: 0.2952 | L4: 1.5947 | M4: ppm | N4: CO2 | O4: 1.923 | P4: 92.2128 | Q4: 131.2346 | R4: ppm | S4: E220930s252.CHR | T4: 44835 | U4: 0.26413194 | V4: O2 | W4: 1.16 | X4: 3020.3644 | Y4: 117003.24 | Z4: N2O | AA4: 2.226 | AB4: 58.5248 | AC4: 0.0411 | AD4: ppm
A5: 254 | B5: Lab Air Blank | C5: NA | D5: 254 | E5: Std 64 | F5: F220930s254.CHR | G5: 44835 | H5: 0.27164352 | I5: CH4 | J5: 1.413 | K5: 0.333 | L5: 1.7582 | M5: ppm | N5: CO2 | O5: 1.936 | P5: 94.8793 | Q5: 141.0893 | R5: ppm | S5: E220930s254.CHR | T5: 44835 | U5: 0.27164352 | V5: O2 | W5: 1.17 | X5: 3170.4208 | Y5: 130767.05 | Z5: N2O | AA5: 2.24 | AB5: 59.4368 | AC5: 0.0449 | AD5: ppm
A6: 256 | B6: Lab Air Blank | C6: NA | D6: 256 | E6: Std 66 | F6: F220930s256.CHR | G6: 44835 | H6: 0.27915509 | I6: CH4 | J6: 1.396 | K6: 0.2664 | L6: 1.4702 | M6: ppm | N6: CO2 | O6: 1.923 | P6: 84.9006 | Q6: 104.2106 | R6: ppm | S6: E220930s256.CHR | T6: 44835 | U6: 0.27915509 | V6: O2 | W6: 1.156 | X6: 2902.1556 | Y6: 107225.22 | Z6: N2O | AA6: 2.226 | AB6: 55.6386 | AC6: 0.0293 | AD6: ppm
A7: 258 | B7: Lab Air Blank | C7: NA | D7: 258 | E7: Std 68 | F7: F220930s258.CHR | G7: 44835 | H7: 0.28665509 | I7: CH4 | J7: 1.4 | K7: 0.4381 | L7: 2.2128 | M7: ppm | N7: CO2 | O7: 1.923 | P7: 89.2964 | Q7: 120.4563 | R7: ppm | S7: E220930s258.CHR | T7: 44835 | U7: 0.28665509 | V7: O2 | W7: 1.16 | X7: 2937.9926 | Y7: 110126.87 | Z7: N2O | AA7: 2.23 | AB7: 56.5497 | AC7: 0.033 | AD7: ppm
A8: 260 | B8: Lab Air Blank | C8: NA | D8: 260 | E8: Std 70 | F8: F220930s260.CHR | G8: 44835 | H8: 0.29416667 | I8: CH4 | J8: 1.4 | K8: 0.676 | L8: 3.2418 | M8: ppm | N8: CO2 | O8: 1.923 | P8: 87.3632 | Q8: 113.3117 | R8: ppm | S8: E220930s260.CHR | T8: 44835 | U8: 0.29416667 | V8: O2 | W8: 1.16 | X8: 2930.2114 | Y8: 109496.84 | Z8: N2O | AA8: 2.226 | AB8: 56.5456 | AC8: 0.033 | AD8: ppm
A9: 261 | B9: Lab Air Blank | C9: NA | D9: 261 | E9: Std 71 | F9: F220930s261.CHR | G9: 44835 | H9: 0.29791667 | I9: CH4 | J9: 1.4 | K9: 0.3614 | L9: 1.8811 | M9: ppm | N9: CO2 | O9: 1.926 | P9: 95.2716 | Q9: 142.5391 | R9: ppm | S9: E220930s261.CHR | T9: 44835 | U9: 0.29791667 | V9: O2 | W9: 1.16 | X9: 3071.5728 | Y9: 121485.96 | Z9: N2O | AA9: 2.226 | AB9: 62.4948 | AC9: 0.0574 | AD9: ppm
A10: 262 | B10: Lab Air Blank | C10: NA | D10: 262 | E10: Std 72 | F10: F220930s262.CHR | G10: 44835 | H10: 0.30166667 | I10: CH4 | J10: 1.406 | K10: 0.3361 | L10: 1.7716 | M10: ppm | N10: CO2 | O10: 1.923 | P10: 87.4685 | Q10: 113.7009 | R10: ppm | S10: E220930s262.CHR | T10: 44835 | U10: 0.30166667 | V10: O2 | W10: 1.16 | X10: 2994.0944 | Y10: 114749.14 | Z10: N2O | AA10: 2.23 | AB10: 55.8353 | AC10: 0.0301 | AD10: ppm
A11: 264 | B11: Lab Air Blank | C11: NA | D11: 264 | E11: Std 74 | F11: F220930s264.CHR | G11: 44835 | H11: 0.30916667 | I11: CH4 | J11: 1.41 | K11: 0.3352 | L11: 1.7677 | M11: ppm | N11: CO2 | O11: 1.936 | P11: 82.3652 | Q11: 94.8404 | R11: ppm | S11: E220930s264.CHR | T11: 44835 | U11: 0.30916667 | V11: O2 | W11: 1.166 | X11: 2964.8969 | Y11: 112305.26 | Z11: N2O | AA11: 2.24 | AB11: 50.2762 | AC11: 0.0073 | AD11: ppm
A12: 266 | B12: Lab Air Blank | C12: NA | D12: 266 | E12: Std 76 | F12: F220930s266.CHR | G12: 44835 | H12: 0.31667824 | I12: CH4 | J12: 1.4 | K12: 0.3556 | L12: 1.856 | M12: ppm | N12: CO2 | O12: 1.926 | P12: 99.6064 | Q12: 158.5595 | R12: ppm | S12: E220930s266.CHR | T12: 44835 | U12: 0.31667824 | V12: O2 | W12: 1.163 | X12: 3128.1214 | Y12: 126646.41 | Z12: N2O | AA12: 2.23 | AB12: 63.4863 | AC12: 0.0615 | AD12: ppm
A13: 268 | B13: Lab Air Blank | C13: NA | D13: 268 | E13: Std 78 | F13: F220930s268.CHR | G13: 44835 | H13: 0.32417824 | I13: CH4 | J13: 1.413 | K13: 0.3517 | L13: 1.8391 | M13: ppm | N13: CO2 | O13: 1.936 | P13: 101.2476 | Q13: 164.6249 | R13: ppm | S13: E220930s268.CHR | T13: 44835 | U13: 0.32417824 | V13: O2 | W13: 1.166 | X13: 3255.1024 | Y13: 139432.99 | Z13: N2O | AA13: 2.24 | AB13: 64.0502 | AC13: 0.0638 | AD13: ppm
... A26: 290 | B26: Lab Air Blank | C26: NA | D26: 290 | E26: Std 100 | F26: F220930s290.CHR | G26: 44835 | H26: 0.40680556 | I26: CH4 | J26: 1.413 | K26: 0.3554 | L26: 1.8551 | M26: ppm | N26: CO2 | O26: 1.936 | P26: 99.6422 | Q26: 158.6918 | R26: ppm | S26: E220930s290.CHR | T26: 44835 | U26: 0.40680556 | V26: O2 | W26: 1.17 | X26: 3258.3261 | Y26: 139770 | Z26: N2O | AA26: 2.24 | AB26: 62.8664 | AC26: 0.0589 | AD26: ppm
A27: 247 | B27: N2 | C27: NA | D27: 247 | E27: Std 57 | F27: F220930s247.CHR | G27: 44835 | H27: 0.2453588 | I27: CH4 | J27: 0 | K27: 0 | L27: 0 | M27: ppm | N27: CO2 | O27: 1.926 | P27: 50.4951 | Q27: 0 | R27: ppm | S27: E220930s247.CHR | T27: 44835 | U27: 0.2453588 | V27: O2 | W27: 1.156 | X27: 1221.3876 | Y27: 11851.144 | Z27: N2O | AA27: 2.233 | AB27: 20.7202 | AC27: 0 | AD27: ppm | AE27: 0 | AF27: 0 | AG27: 0 | AH27: 0
A28: 263 | B28: Outdoor Air 1 | C28: NA | D28: 263 | E28: Std 73 | F28: F220930s263.CHR | G28: 44835 | H28: 0.30541667 | I28: CH4 | J28: 0 | K28: 0 | L28: 0 | M28: ppm | N28: CO2 | O28: 1.923 | P28: 11.1068 | Q28: 0 | R28: ppm | S28: E220930s263.CHR | T28: 44835 | U28: 0.30541667 | V28: O2 | W28: 1.153 | X28: 840.5132 | Y28: 0 | Z28: N2O | AA28: 2.223 | AB28: 5.0726 | AC28: 0 | AD28: ppm | AE28: 0 | AF28: 0 | AG28: 0 | AH28: 0
A29: 265 | B29: Outdoor Air 2 | C29: NA | D29: 265 | E29: Std 75 | F29: F220930s265.CHR | G29: 44835 | H29: 0.31292824 | I29: CH4 | J29: 1.4 | K29: 0.1412 | L29: 0.9286 | M29: ppm | N29: CO2 | O29: 1.926 | P29: 32.3927 | Q29: 0 | R29: ppm | S29: E220930s265.CHR | T29: 44835 | U29: 0.31292824 | V29: O2 | W29: 1.16 | X29: 1716.9178 | Y29: 35018.169 | Z29: N2O | AA29: 2.233 | AB29: 19.4509 | AC29: 0 | AD29: ppm | AE29: 69.166667 | AF29: 0.3 | AG29: 0.0541667 | AH29: 34916.667
A30: 267 | B30: Outdoor Air 3 | C30: NA | D30: 267 | E30: Std 77 | F30: F220930s267.CHR | G30: 44835 | H30: 0.32042824 | I30: CH4 | J30: 1.396 | K30: 0.2264 | L30: 1.2971 | M30: ppm | N30: CO2 | O30: 1.92 | P30: 53.2743 | Q30: 0 | R30: ppm | S30: E220930s267.CHR | T30: 44835 | U30: 0.32042824 | V30: O2 | W30: 1.156 | X30: 2189.3794 | Y30: 60025.865 | Z30: N2O | AA30: 2.223 | AB30: 32.9252 | AC30: 0 | AD30: ppm | AE30: 138.33333 | AF30: 0.6 | AG30: 0.108333 | AH30: 69833.333
A31: 269 | B31: Outdoor Air 4 | C31: NA | D31: 269 | E31: Std 79 | F31: F220930s269.CHR | G31: 44835 | H31: 0.32792824 | I31: CH4 | J31: 1.41 | K31: 0.2696 | L31: 1.484 | M31: ppm | N31: CO2 | O31: 1.933 | P31: 74.6908 | Q31: 66.4777 | R31: ppm | S31: E220930s269.CHR | T31: 44835 | U31: 0.32792824 | V31: O2 | W31: 1.166 | X31: 2719.0419 | Y31: 93506.761 | Z31: N2O | AA31: 2.24 | AB31: 46.7632 | AC31: 0 | AD31: ppm | AE31: 207.5 | AF31: 0.9 | AG31: 0.1625 | AH31: 104750
A32: 271 | B32: Outdoor Air 5 | C32: NA | D32: 271 | E32: Std 81 | F32: F220930s271.CHR | G32: 44835 | H32: 0.33546296 | I32: CH4 | J32: 1.41 | K32: 0.4114 | L32: 2.0973 | M32: ppm | N32: CO2 | O32: 1.93 | P32: 101.0642 | Q32: 163.9471 | R32: ppm | S32: E220930s271.CHR | T32: 44835 | U32: 0.33546296 | V32: O2 | W32: 1.17 | X32: 3117.893 | Y32: 125713 | Z32: N2O | AA32: 2.23 | AB32: 66.3155 | AC32: 0.073 | AD32: ppm | AE32: 276.66667 | AF32: 1.2 | AG32: 0.216667 | AH32: 139666.67
A33: 273 | B33: Outdoor Air 6 | C33: NA | D33: 273 | E33: Std 83 | F33: F220930s273.CHR | G33: 44835 | H33: 0.34296296 | I33: CH4 | J33: 1.413 | K33: 0.398 | L33: 2.0394 | M33: ppm | N33: CO2 | O33: 1.936 | P33: 113.2686 | Q33: 209.0515 | R33: ppm | S33: E220930s273.CHR | T33: 44835 | U33: 0.34296296 | V33: O2 | W33: 1.17 | X33: 3400.2834 | Y33: 156829.54 | Z33: N2O | AA33: 2.24 | AB33: 78.8412 | AC33: 0.1244 | AD33: ppm | AE33: 345.83333 | AF33: 1.5 | AG33: 0.270833 | AH33: 174583.33
A34: 275 | B34: Outdoor Air 7 | C34: NA | D34: 275 | E34: Std 85 | F34: F220930s275.CHR | G34: 44835 | H34: 0.35047454 | I34: CH4 | J34: 1.403 | K34: 0.5032 | L34: 2.4944 | M34: ppm | N34: CO2 | O34: 1.926 | P34: 140.2195 | Q34: 308.6552 | R34: ppm | S34: E220930s275.CHR | T34: 44835 | U34: 0.35047454 | V34: O2 | W34: 1.163 | X34: 3609.48 | Y34: 187356.05 | Z34: N2O | AA34: 2.23 | AB34: 90.1022 | AC34: 0.1705 | AD34: ppm | AE34: 415 | AF34: 1.8 | AG34: 0.325 | AH34: 209500
A35: 279 | B35: Oxygen Standard 1 | C35: NA | D35: 279 | E35: Std 89 | F35: F220930s279.CHR | G35: 44835 | H35: 0.36549769 | I35: CH4 | J35: 0 | K35: 0 | L35: 0 | M35: ppm | N35: CO2 | O35: 1.923 | P35: 17.9212 | Q35: 0 | R35: ppm | S35: E220930s279.CHR | T35: 44835 | U35: 0.36549769 | V35: O2 | W35: 1.153 | X35: 836.047 | Y35: 0 | Z35: N2O | AA35: 2.236 | AB35: 6.3549 | AC35: 0 | AD35: ppm | AE35: 0 | AF35: 0 | AG35: 0 | AH35: 0
A36: 281 | B36: Oxygen Standard 2 | C36: NA | D36: 281 | E36: Std 91 | F36: F220930s281.CHR | G36: 44835 | H36: 0.37300926 | I36: CH4 | J36: 0 | K36: 0 | L36: 0 | M36: ppm | N36: CO2 | O36: 1.923 | P36: 20.567 | Q36: 0 | R36: ppm | S36: E220930s281.CHR | T36: 44835 | U36: 0.37300926 | V36: O2 | W36: 1.156 | X36: 1639.793 | Y36: 31236.651 | Z36: N2O | AA36: 2.23 | AB36: 6.9697 | AC36: 0 | AD36: ppm | AE36: 0 | AF36: 0 | AG36: 0 | AH36: 27777.778
A37: 283 | B37: Oxygen Standard 3 | C37: NA | D37: 283 | E37: Std 93 | F37: F220930s283.CHR | G37: 44835 | H37: 0.38052083 | I37: CH4 | J37: 0 | K37: 0 | L37: 0 | M37: ppm | N37: CO2 | O37: 1.923 | P37: 10.5108 | Q37: 0 | R37: ppm | S37: E220930s283.CHR | T37: 44835 | U37: 0.38052083 | V37: O2 | W37: 1.156 | X37: 2026.193 | Y37: 51009.01 | Z37: N2O | AA37: 2.23 | AB37: 6.2001 | AC37: 0 | AD37: ppm | AE37: 0 | AF37: 0 | AG37: 0 | AH37: 55555.556
A38: 285 | B38: Oxygen Standard 4 | C38: NA | D38: 285 | E38: Std 95 | F38: F220930s285.CHR | G38: 44835 | H38: 0.38803241 | I38: CH4 | J38: 0 | K38: 0 | L38: 0 | M38: ppm | N38: CO2 | O38: 1.926 | P38: 11.1026 | Q38: 0 | R38: ppm | S38: E220930s285.CHR | T38: 44835 | U38: 0.38803241 | V38: O2 | W38: 1.16 | X38: 2753.8782 | Y38: 96041.597 | Z38: N2O | AA38: 2.23 | AB38: 6.3876 | AC38: 0 | AD38: ppm | AE38: 0 | AF38: 0 | AG38: 0 | AH38: 111111.11
... A45: 259 | B45: SB6 | C45: NA | D45: 259 | E45: Std 69 | F45: F220930s259.CHR | G45: 44835 | H45: 0.29041667 | I45: CH4 | J45: 1.386 | K45: 9883.4384 | L45: 42748.37 | M45: ppm | N45: CO2 | O45: 1.93 | P45: 11760.714 | Q45: 43255.058 | R45: ppm | S45: E220930s259.CHR | T45: 44835 | U45: 0.29041667 | V45: O2 | W45: 1.156 | X45: 1177.0642 | Y45: 9906.6339 | Z45: N2O | AA45: 2.233 | AB45: 4851.2575 | AC45: 19.686 | AD45: ppm | AE45: 49990 | AF45: 60340 | AG45: 20 | AH45: 0

Sheet Run 1 Curve Parameters
A1: Run | B1: Curve | C1: Analyte | D1: Slope | E1: Intercept | F1: RSQ
A2: 1 | B2: 1 | C2: CH4 | D2: =SLOPE('Run 1 Curves 1'!AF37:AF55,'Run 1 Curves 1'!K37:K55) -> 6.0888724 | E2: =INTERCEPT('Run 1 Curves 1'!AF37:AF55,'Run 1 Curves 1'!K37:K55) -> -108.77106 | F2: =RSQ('Run 1 Curves 1'!AF37:AF55,'Run 1 Curves 1'!K37:K55) -> 0.99878912
A3: 1 | B3: 1 | C3: CO2 | D3: =SLOPE('Run 1 Curves 1'!AE37:AE55,'Run 1 Curves 1'!P37:P55) -> 4.172924 | E3: =INTERCEPT('Run 1 Curves 1'!AE37:AE55,'Run 1 Curves 1'!P37:P55) -> -211.72568 | F3: =RSQ('Run 1 Curves 1'!AE37:AE55,'Run 1 Curves 1'!P37:P55) -> 0.99945152
A4: 1 | B4: 1 | C4: O2 | D4: =SLOPE('Run 1 Curves 1'!AH37:AH55,'Run 1 Curves 1'!X37:X55) -> 78.198437 | E4: =INTERCEPT('Run 1 Curves 1'!AH37:AH55,'Run 1 Curves 1'!X37:X55) -> -91237.37 | F4: =RSQ('Run 1 Curves 1'!AH37:AH55,'Run 1 Curves 1'!X37:X55) -> 0.97742642
A5: 1 | B5: 1 | C5: N2O | D5: =SLOPE('Run 1 Curves 1'!AG37:AG55,'Run 1 Curves 1'!AB37:AB55) -> 0.0041355073 | E5: =INTERCEPT('Run 1 Curves 1'!AG37:AG55,'Run 1 Curves 1'!AB37:AB55) -> -0.051146456 | F5: =RSQ('Run 1 Curves 1'!AG37:AG55,'Run 1 Curves 1'!AB37:AB55) -> 0.99979635
A6: 1 | B6: 2 | C6: CH4 | D6: =SLOPE('Run 1 Curves 2'!AF37:AF55,'Run 1 Curves 2'!K37:K55) -> 6.108056 | E6: =INTERCEPT('Run 1 Curves 2'!AF37:AF55,'Run 1 Curves 2'!K37:K55) -> -243.94784 | F6: =RSQ('Run 1 Curves 2'!AF37:AF55,'Run 1 Curves 2'!K37:K55) -> 0.99880845
A7: 1 | B7: 2 | C7: CO2 | D7: =SLOPE('Run 1 Curves 2'!AE37:AE55,'Run 1 Curves 2'!P37:P55) -> 4.2630469 | E7: =INTERCEPT('Run 1 Curves 2'!AE37:AE55,'Run 1 Curves 2'!P37:P55) -> -391.44779 | F7: =RSQ('Run 1 Curves 2'!AE37:AE55,'Run 1 Curves 2'!P37:P55) -> 0.99932485
A8: 1 | B8: 2 | C8: O2 | D8: =SLOPE('Run 1 Curves 2'!AH37:AH55,'Run 1 Curves 2'!X37:X55) -> 86.644804 | E8: =INTERCEPT('Run 1 Curves 2'!AH37:AH55,'Run 1 Curves 2'!X37:X55) -> -113754.61 | F8: =RSQ('Run 1 Curves 2'!AH37:AH55,'Run 1 Curves 2'!X37:X55) -> 0.97779529
A9: 1 | B9: 2 | C9: N2O | D9: =SLOPE('Run 1 Curves 2'!AG37:AG55,'Run 1 Curves 2'!AB37:AB55) -> 0.0041281518 | E9: =INTERCEPT('Run 1 Curves 2'!AG37:AG55,'Run 1 Curves 2'!AB37:AB55) -> -0.10483573 | F9: =INTERCEPT('Run 1 Curves 2'!AG37:AG55,'Run 1 Curves 2'!AB37:AB55) -> -0.10483573

Sheet Data Run 1
A1: Autosampler Position | B1: Species ID | C1: Tree ID | D1: Lab No | E1: Lab ID | F1: FID File | G1: FID Date | H1: FID Time | I1: FID Channel CH4 | J1: Certified Value CO2 | K1: CH4 Area | L1: CH4 ppm | M1: CH4 Unit | N1: FID Channel CO2 | O1: Certified Value CO2 | P1: CO2 Area | Q1: CO2 ppm | R1: CO2 Unit | S1: ECD File | T1: ECD Date | U1: ECD Time | V1: ECD Channel O2 | W1: Certified Value O2 | X1: O2 Area | Y1: O2 ppm | Z1: ECD Channel N2O | AA1: Certified Value N2O | AB1: N2O Area | AC1: N2O ppm | AD1: N2O Unit | AE1: [CO2] (ppm) Curve 1 | AF1: [CH4] (ppm) Curve 1 | AG1: [N2O] (ppm) Curve 1 | AH1: [O2] (ppm) Curve 1 | AI1: [CO2] (ppm) Curve 2 | AJ1: [CH4] (ppm) Curve 2 | AK1: [N2O] (ppm) Curve 2 | AL1: [O2] (ppm) Curve 2
A2: 1 | B2: Lab Air Blank | C2: NA | D2: 1 | E2: Std1 | F2: F220930s01.CHR | G2: 44834 | H2: 0.32184028 | I2: CH4 | J2: 1.4 | K2: 0.2784 | L2: 1.5221 | M2: ppm | N2: CO2 | O2: 1.913 | P2: 95.474 | Q2: 143.2872 | R2: ppm | S2: E220930s01.CHR | T2: 44834 | U2: 0.32184028 | V2: O2 | W2: 1.163 | X2: 3236.0892 | Y2: 137445.32 | Z2: N2O | AA2: 2.213 | AB2: 51.8202 | AC2: 0.0136 | AD2: ppm | AE2: =P2*'Run 1 Curve Parameters'!$D$3+'Run 1 Curve Parameters'!$E$3 -> 186.68006 | AF2: =K2*'Run 1 Curve Parameters'!$D$2+'Run 1 Curve Parameters'!$E$2 -> -107.07591
A3: 2 | B3: Lab Air Blank | C3: NA | D3: 2 | E3: Std2 | F3: F220930s02.CHR | G3: 44834 | H3: 0.32559028 | I3: CH4 | J3: 1.406 | K3: 0.2904 | L3: 1.574 | M3: ppm | N3: CO2 | O3: 1.92 | P3: 89.7547 | Q3: 122.1501 | R3: ppm | S3: E220930s02.CHR | T3: 44834 | U3: 0.32559028 | V3: O2 | W3: 1.166 | X3: 3113.7458 | Y3: 125334.54 | Z3: N2O | AA3: 2.216 | AB3: 49.3968 | AC3: 0.0037 | AD3: ppm | AE3: =P3*'Run 1 Curve Parameters'!$D$3+'Run 1 Curve Parameters'!$E$3 -> 162.81386 | AF3: =K3*'Run 1 Curve Parameters'!$D$2+'Run 1 Curve Parameters'!$E$2 -> -107.00285
A4: 3 | B4: Lab Air Blank | C4: NA | D4: 3 | E4: Std3 | F4: F220930s03.CHR | G4: 44834 | H4: 0.32934028 | I4: CH4 | J4: 1.4 | K4: 0.3183 | L4: 1.6946 | M4: ppm | N4: CO2 | O4: 1.913 | P4: 102.7178 | Q4: 170.0584 | R4: ppm | S4: E220930s03.CHR | T4: 44834 | U4: 0.32934028 | V4: O2 | W4: 1.163 | X4: 3259.7308 | Y4: 139916.85 | Z4: N2O | AA4: 2.21 | AB4: 59.891 | AC4: 0.0467 | AD4: ppm | AE4: =P4*'Run 1 Curve Parameters'!$D$3+'Run 1 Curve Parameters'!$E$3 -> 216.90789 | AF4: =K4*'Run 1 Curve Parameters'!$D$2+'Run 1 Curve Parameters'!$E$2 -> -106.83297
A5: 4 | B5: Lab Air Blank | C5: NA | D5: 4 | E5: Std4 | F5: F220930s04.CHR | G5: 44834 | H5: 0.33309028 | I5: CH4 | J5: 1.403 | K5: 0.3652 | L5: 1.8975 | M5: ppm | N5: CO2 | O5: 1.916 | P5: 109.1048 | Q5: 193.6631 | R5: ppm | S5: E220930s04.CHR | T5: 44834 | U5: 0.33309028 | V5: O2 | W5: 1.163 | X5: 3417.0822 | Y5: 159076.31 | Z5: N2O | AA5: 2.213 | AB5: 62.9926 | AC5: 0.0594 | AD5: ppm | AE5: =P5*'Run 1 Curve Parameters'!$D$3+'Run 1 Curve Parameters'!$E$3 -> 243.56035 | AF5: =K5*'Run 1 Curve Parameters'!$D$2+'Run 1 Curve Parameters'!$E$2 -> -106.5474
A6: 5 | B6: Lab Air Blank | C6: NA | D6: 5 | E6: Std5 | F6: F220930s05.CHR | G6: 44834 | H6: 0.33685185 | I6: CH4 | J6: 1.403 | K6: 0.2958 | L6: 1.5973 | M6: ppm | N6: CO2 | O6: 1.913 | P6: 90.868 | Q6: 126.2646 | R6: ppm | S6: E220930s05.CHR | T6: 44834 | U6: 0.33685185 | V6: O2 | W6: 1.16 | X6: 3152.4221 | Y6: 129013.1 | Z6: N2O | AA6: 2.21 | AB6: 55.7088 | AC6: 0.0296 | AD6: ppm | AE6: =P6*'Run 1 Curve Parameters'!$D$3+'Run 1 Curve Parameters'!$E$3 -> 167.45957 | AF6: =K6*'Run 1 Curve Parameters'!$D$2+'Run 1 Curve Parameters'!$E$2 -> -106.96997
A7: 6 | B7: Lab Air Blank | C7: NA | D7: 6 | E7: Std6 | F7: F220930s06.CHR | G7: 44834 | H7: 0.34061343 | I7: CH4 | J7: 1.41 | K7: 0.307 | L7: 1.6458 | M7: ppm | N7: CO2 | O7: 1.923 | P7: 88.9572 | Q7: 119.2027 | R7: ppm | S7: E220930s06.CHR | T7: 44834 | U7: 0.34061343 | V7: O2 | W7: 1.166 | X7: 3163.6668 | Y7: 130108.88 | Z7: N2O | AA7: 2.223 | AB7: 53.4684 | AC7: 0.0204 | AD7: ppm | AE7: =P7*'Run 1 Curve Parameters'!$D$3+'Run 1 Curve Parameters'!$E$3 -> 159.48595 | AF7: =K7*'Run 1 Curve Parameters'!$D$2+'Run 1 Curve Parameters'!$E$2 -> -106.90177
A8: 7 | B8: Lab Air Blank | C8: NA | D8: 7 | E8: Std7 | F8: F220930s07.CHR | G8: 44834 | H8: 0.34436343 | I8: CH4 | J8: 1.413 | K8: 0.3333 | L8: 1.7595 | M8: ppm | N8: CO2 | O8: 1.926 | P8: 98.7931 | Q8: 155.5537 | R8: ppm | S8: E220930s07.CHR | T8: 44834 | U8: 0.34436343 | V8: O2 | W8: 1.17 | X8: 3300.4507 | Y8: 144501.4 | Z8: N2O | AA8: 2.226 | AB8: 56.1868 | AC8: 0.0315 | AD8: ppm | AE8: =P8*'Run 1 Curve Parameters'!$D$3+'Run 1 Curve Parameters'!$E$3 -> 200.53041 | AF8: =K8*'Run 1 Curve Parameters'!$D$2+'Run 1 Curve Parameters'!$E$2 -> -106.74163
A9: 8 | B9: Lab Air Blank | C9: NA | D9: 8 | E9: Std8 | F9: F220930s08.CHR | G9: 44834 | H9: 0.34811343 | I9: CH4 | J9: 1.4 | K9: 0.3154 | L9: 1.6821 | M9: ppm | N9: CO2 | O9: 1.913 | P9: 94.3666 | Q9: 139.1945 | R9: ppm | S9: E220930s08.CHR | T9: 44834 | U9: 0.34811343 | V9: O2 | W9: 1.16 | X9: 3154.477 | Y9: 129213.35 | Z9: N2O | AA9: 2.21 | AB9: 53.4439 | AC9: 0.0203 | AD9: ppm | AE9: =P9*'Run 1 Curve Parameters'!$D$3+'Run 1 Curve Parameters'!$E$3 -> 182.05896 | AF9: =K9*'Run 1 Curve Parameters'!$D$2+'Run 1 Curve Parameters'!$E$2 -> -106.85063
A10: 9 | B10: Lab Air Blank | C10: NA | D10: 9 | E10: Std9 | F10: F220930s09.CHR | G10: 44834 | H10: 0.35186343 | I10: CH4 | J10: 1.41 | K10: 0.2837 | L10: 1.545 | M10: ppm | N10: CO2 | O10: 1.926 | P10: 84.5659 | Q10: 102.9736 | R10: ppm | S10: E220930s09.CHR | T10: 44834 | U10: 0.35186343 | V10: O2 | W10: 1.166 | X10: 3065.4079 | Y10: 120923.37 | Z10: N2O | AA10: 2.226 | AB10: 50.3889 | AC10: 0.0078 | AD10: ppm | AE10: =P10*'Run 1 Curve Parameters'!$D$3+'Run 1 Curve Parameters'!$E$3 -> 141.16139 | AF10: =K10*'Run 1 Curve Parameters'!$D$2+'Run 1 Curve Parameters'!$E$2 -> -107.04364
A11: 10 | B11: Lab Air Blank | C11: NA | D11: 10 | E11: Std10 | F11: F220930s10.CHR | G11: 44834 | H11: 0.35561343 | I11: CH4 | J11: 1.406 | K11: 0.3539 | L11: 1.8486 | M11: ppm | N11: CO2 | O11: 1.923 | P11: 109.2335 | Q11: 194.1388 | R11: ppm | S11: E220930s10.CHR | T11: 44834 | U11: 0.35561343 | V11: O2 | W11: 1.17 | X11: 3316.991 | Y11: 146366.28 | Z11: N2O | AA11: 2.22 | AB11: 59.3886 | AC11: 0.0447 | AD11: ppm | AE11: =P11*'Run 1 Curve Parameters'!$D$3+'Run 1 Curve Parameters'!$E$3 -> 244.09741 | AF11: =K11*'Run 1 Curve Parameters'!$D$2+'Run 1 Curve Parameters'!$E$2 -> -106.6162
A12: 11 | B12: N2 | C12: NA | D12: 11 | E12: Std11 | F12: F220930s11.CHR | G12: 44834 | H12: 0.359375 | I12: CH4 | J12: 0 | K12: 0 | L12: 0 | M12: ppm | N12: CO2 | O12: 1.923 | P12: 42.255 | Q12: 0 | R12: ppm | S12: E220930s11.CHR | T12: 44834 | U12: 0.359375 | V12: O2 | W12: 1.166 | X12: 1197.8328 | Y12: 10817.772 | Z12: N2O | AA12: 2.22 | AB12: 18.776 | AC12: 0 | AD12: ppm | AE12: =P12*'Run 1 Curve Parameters'!$D$3+'Run 1 Curve Parameters'!$E$3 -> -35.398779 | AF12: =K12*'Run 1 Curve Parameters'!$D$2+'Run 1 Curve Parameters'!$E$2 -> -108.77106
A13: 12 | B13: Lab Air Blank | C13: NA | D13: 12 | E13: Std12 | F13: F220930s12.CHR | G13: 44834 | H13: 0.36313657 | I13: CH4 | J13: 1.406 | K13: 0.2922 | L13: 1.5817 | M13: ppm | N13: CO2 | O13: 1.92 | P13: 82.3047 | Q13: 94.6168 | R13: ppm | S13: E220930s12.CHR | T13: 44834 | U13: 0.36313657 | V13: O2 | W13: 1.166 | X13: 2901.2608 | Y13: 107152.77 | Z13: N2O | AA13: 2.216 | AB13: 48.3396 | AC13: 0 | AD13: ppm | AE13: =P13*'Run 1 Curve Parameters'!$D$3+'Run 1 Curve Parameters'!$E$3 -> 131.72557 | AF13: =K13*'Run 1 Curve Parameters'!$D$2+'Run 1 Curve Parameters'!$E$2 -> -106.99189
... A55: 54 | B55: Lab Air Blank | C55: NA | D55: 54 | E55: Std54 | F55: F220930s54.CHR | G55: 44834 | H55: 0.52103009 | I55: CH4 | J55: 1.41 | K55: 0.3578 | L55: 1.8655 | M55: ppm | N55: CO2 | O55: 1.946 | P55: 99.1488 | Q55: 156.8683 | R55: ppm | S55: E220930s54.CHR | T55: 44834 | U55: 0.52103009 | V55: O2 | W55: 1.166 | X55: 3073.4656 | Y55: 121658.69 | Z55: N2O | AA55: 2.256 | AB55: 62.1319 | AC55: 0.0559 | AD55: ppm | AE55: =P55*'Run 1 Curve Parameters'!$D$3+'Run 1 Curve Parameters'!$E$3 -> 202.01472 | AF55: =K55*'Run 1 Curve Parameters'!$D$2+'Run 1 Curve Parameters'!$E$2 -> -106.59246
A56: 55 | B56: ACRU | C56: RM1 | D56: 55 | E56: =D56&"g" -> 55g | F56: F220930s55.CHR | G56: 44834 | H56: 0.52478009 | I56: CH4 | J56: 1.41 | K56: 6.239 | L56: 27.303 | M56: ppm | N56: CO2 | O56: 1.94 | P56: 17693.369 | Q56: 65180.644 | R56: ppm | S56: E220930s55.CHR | T56: 44834 | U56: 0.52478009 | V56: O2 | W56: 1.16 | X56: 2745.5214 | Y56: 95433.521 | Z56: N2O | AA56: 2.25 | AB56: 350.1718 | AC56: 1.2365 | AD56: ppm | AE56: =P56*'Run 1 Curve Parameters'!$D$3+'Run 1 Curve Parameters'!$E$3 -> 73621.357 | AF56: =K56*'Run 1 Curve Parameters'!$D$2+'Run 1 Curve Parameters'!$E$2 -> -70.78258
A57: 56 | B57: BLANK | C57: BLANK | D57: 56 | E57: BLANK | F57: F220930s56.CHR | G57: 44834 | H57: 0.52853009 | I57: CH4 | J57: 0 | K57: 0 | L57: 0 | M57: ppm | N57: CO2 | O57: 1.956 | P57: 154.6102 | Q57: 361.8396 | R57: ppm | S57: E220930s56.CHR | T57: 44834 | U57: 0.52853009 | V57: O2 | W57: 1.166 | X57: 3198.6341 | Y57: 133529.72 | Z57: N2O | AA57: 2.263 | AB57: 66.5488 | AC57: 0.074 | AD57: ppm | AE57: =P57*'Run 1 Curve Parameters'!$D$3+'Run 1 Curve Parameters'!$E$3 -> 433.45093 | AF57: =K57*'Run 1 Curve Parameters'!$D$2+'Run 1 Curve Parameters'!$E$2 -> -108.77106
A58: 57 | B58: ACRU | C58: RM10 | D58: 57 | E58: =D58&"g" -> 57g | F58: F220930s57.CHR | G58: 44834 | H58: 0.53228009 | I58: CH4 | J58: 1.42 | K58: 14.824 | L58: 64.435 | M58: ppm | N58: CO2 | O58: 1.966 | P58: 7544.7502 | Q58: 27673.923 | R58: ppm | S58: E220930s57.CHR | T58: 44834 | U58: 0.53228009 | V58: O2 | W58: 1.17 | X58: 3445.2342 | Y58: 163133.28 | Z58: N2O | AA58: 2.26 | AB58: 238.073 | AC58: 0.7771 | AD58: ppm | AE58: =P58*'Run 1 Curve Parameters'!$D$3+'Run 1 Curve Parameters'!$E$3 -> 31271.943 | AF58: =K58*'Run 1 Curve Parameters'!$D$2+'Run 1 Curve Parameters'!$E$2 -> -18.509611
A59: 58 | B59: BLANK | C59: BLANK | D59: 58 | E59: BLANK | F59: F220930s58.CHR | G59: 44834 | H59: 0.53603009 | I59: CH4 | J59: 1.4 | K59: 0.2757 | L59: 1.5104 | M59: ppm | N59: CO2 | O59: 1.94 | P59: 146.9986 | Q59: 333.709 | R59: ppm | S59: E220930s58.CHR | T59: 44834 | U59: 0.53603009 | V59: O2 | W59: 1.16 | X59: 3168.6772 | Y59: 130597.14 | Z59: N2O | AA59: 2.246 | AB59: 66.7244 | AC59: 0.0747 | AD59: ppm | AE59: =P59*'Run 1 Curve Parameters'!$D$3+'Run 1 Curve Parameters'!$E$3 -> 401.6883 | AF59: =K59*'Run 1 Curve Parameters'!$D$2+'Run 1 Curve Parameters'!$E$2 -> -107.09235
A60: 59 | B60: ACRU | C60: RM14 | D60: 59 | E60: =D60&"g" -> 59g | F60: F220930s59.CHR | G60: 44834 | H60: 0.53978009 | I60: CH4 | J60: 1.406 | K60: 0.5796 | L60: 2.8248 | M60: ppm | N60: CO2 | O60: 1.94 | P60: 812.0508 | Q60: 2791.5733 | R60: ppm | S60: E220930s59.CHR | T60: 44834 | U60: 0.53978009 | V60: O2 | W60: 1.16 | X60: 3542.5475 | Y60: 177484.93 | Z60: N2O | AA60: 2.243 | AB60: 112.7424 | AC60: 0.2633 | AD60: ppm | AE60: =P60*'Run 1 Curve Parameters'!$D$3+'Run 1 Curve Parameters'!$E$3 -> 3176.9006 | AF60: =K60*'Run 1 Curve Parameters'!$D$2+'Run 1 Curve Parameters'!$E$2 -> -105.24194
A61: 60 | B61: BLANK | C61: BLANK | D61: 60 | E61: BLANK | F61: F220930s60.CHR | G61: 44834 | H61: 0.54353009 | I61: CH4 | J61: 1.416 | K61: 0.2706 | L61: 1.4883 | M61: ppm | N61: CO2 | O61: 1.95 | P61: 85.9286 | Q61: 108.0098 | R61: ppm | S61: E220930s60.CHR | T61: 44834 | U61: 0.54353009 | V61: O2 | W61: 1.17 | X61: 3020.281 | Y61: 116996.09 | Z61: N2O | AA61: 2.26 | AB61: 52.3992 | AC61: 0.016 | AD61: ppm | AE61: =P61*'Run 1 Curve Parameters'!$D$3+'Run 1 Curve Parameters'!$E$3 -> 146.84783 | AF61: =K61*'Run 1 Curve Parameters'!$D$2+'Run 1 Curve Parameters'!$E$2 -> -107.12341
A62: 61 | B62: ACRU | C62: RM2 | D62: 61 | E62: =D62&"g" -> 61g | F62: F220930s61.CHR | G62: 44834 | H62: 0.54726852 | I62: CH4 | J62: 1.406 | K62: 0.6522 | L62: 3.1388 | M62: ppm | N62: CO2 | O62: 1.94 | P62: 418.3445 | Q62: 1336.5347 | R62: ppm | S62: E220930s61.CHR | T62: 44834 | U62: 0.54726852 | V62: O2 | W62: 1.16 | X62: 3567.1041 | Y62: 181106.5 | Z62: N2O | AA62: 2.243 | AB62: 96.932 | AC62: 0.1985 | AD62: ppm | AE62: =P62*'Run 1 Curve Parameters'!$D$3+'Run 1 Curve Parameters'!$E$3 -> 1533.9941 | AF62: =K62*'Run 1 Curve Parameters'!$D$2+'Run 1 Curve Parameters'!$E$2 -> -104.79989
A63: 62 | B63: BLANK | C63: BLANK | D63: 62 | E63: BLANK | F63: F220930s62.CHR | G63: 44834 | H63: 0.55101852 | I63: CH4 | J63: 1.403 | K63: 0.3002 | L63: 1.6163 | M63: ppm | N63: CO2 | O63: 1.936 | P63: 93.5298 | Q63: 136.1019 | R63: ppm | S63: E220930s62.CHR | T63: 44834 | U63: 0.55101852 | V63: O2 | W63: 1.16 | X63: 2985.6592 | Y63: 114025.35 | Z63: N2O | AA63: 2.243 | AB63: 60.1067 | AC63: 0.0476 | AD63: ppm | AE63: =P63*'Run 1 Curve Parameters'!$D$3+'Run 1 Curve Parameters'!$E$3 -> 178.56706 | AF63: =K63*'Run 1 Curve Parameters'!$D$2+'Run 1 Curve Parameters'!$E$2 -> -106.94318
A64: 63 | B64: ACRU | C64: RM3 | D64: 63 | E64: =D64&"g" -> 63g | F64: F220930s63.CHR | G64: 44834 | H64: 0.55475694 | I64: CH4 | J64: 1.406 | K64: 5.5582 | L64: 24.3584 | M64: ppm | N64: CO2 | O64: 1.943 | P64: 12837.626 | Q64: 47235.052 | R64: ppm | S64: E220930s63.CHR | T64: 44834 | U64: 0.55475694 | V64: O2 | W64: 1.156 | X64: 3030.5881 | Y64: 117880.49 | Z64: N2O | AA64: 2.24 | AB64: 290.5474 | AC64: 0.9921 | AD64: ppm | AE64: =P64*'Run 1 Curve Parameters'!$D$3+'Run 1 Curve Parameters'!$E$3 -> 53358.713 | AF64: =K64*'Run 1 Curve Parameters'!$D$2+'Run 1 Curve Parameters'!$E$2 -> -74.927885
A65: 64 | B65: BLANK | C65: BLANK | D65: 64 | E65: BLANK | F65: F220930s64.CHR | G65: 44834 | H65: 0.55850694 | I65: CH4 | J65: 0 | K65: 0 | L65: 0 | M65: ppm | N65: CO2 | O65: 1.94 | P65: 89.08 | Q65: 119.6566 | R65: ppm | S65: E220930s64.CHR | T65: 44834 | U65: 0.55850694 | V65: O2 | W65: 1.16 | X65: 2872.0868 | Y65: 104890.72 | Z65: N2O | AA65: 2.25 | AB65: 51.8336 | AC65: 0.0137 | AD65: ppm | AE65: =P65*'Run 1 Curve Parameters'!$D$3+'Run 1 Curve Parameters'!$E$3 -> 159.99839 | AF65: =K65*'Run 1 Curve Parameters'!$D$2+'Run 1 Curve Parameters'!$E$2 -> -108.77106
A66: 65 | B66: ACRU | C66: RM301A | D66: 65 | E66: =D66&"g" -> 65g | F66: F220930s65.CHR | G66: 44834 | H66: 0.56225694 | I66: CH4 | J66: 1.42 | K66: 69.3912 | L66: 300.4502 | M66: ppm | N66: CO2 | O66: 1.966 | P66: 4780.4642 | Q66: 17457.823 | R66: ppm | S66: E220930s65.CHR | T66: 44834 | U66: 0.56225694 | V66: O2 | W66: 1.166 | X66: 3423.3818 | Y66: 159918.85 | Z66: N2O | AA66: 2.26 | AB66: 195.1246 | AC66: 0.601 | AD66: ppm | AE66: =P66*'Run 1 Curve Parameters'!$D$3+'Run 1 Curve Parameters'!$E$3 -> 19736.788 | AF66: =K66*'Run 1 Curve Parameters'!$D$2+'Run 1 Curve Parameters'!$E$2 -> 313.74311
A67: 66 | B67: BLANK | C67: BLANK | D67: 66 | E67: BLANK | F67: F220930s66.CHR | G67: 44834 | H67: 0.56599537 | I67: CH4 | J67: 1.403 | K67: 0.3121 | L67: 1.6678 | M67: ppm | N67: CO2 | O67: 1.943 | P67: 100.2808 | Q67: 161.0519 | R67: ppm | S67: E220930s66.CHR | T67: 44834 | U67: 0.56599537 | V67: O2 | W67: 1.16 | X67: 2928.1402 | Y67: 109329.14 | Z67: N2O | AA67: 2.256 | AB67: 57.9934 | AC67: 0.0389 | AD67: ppm | AE67: =P67*'Run 1 Curve Parameters'!$D$3+'Run 1 Curve Parameters'!$E$3 -> 206.73847 | AF67: =K67*'Run 1 Curve Parameters'!$D$2+'Run 1 Curve Parameters'!$E$2 -> -106.87072
A68: 67 | B68: BLANK | C68: BLANK | D68: 67 | E68: BLANK | F68: F220930s67.CHR | G68: 44834 | H68: 0.56974537 | I68: CH4 | J68: 1.413 | K68: 0.367 | L68: 1.9053 | M68: ppm | N68: CO2 | O68: 1.95 | P68: 103.307 | Q68: 172.236 | R68: ppm | S68: E220930s67.CHR | T68: 44834 | U68: 0.56974537 | V68: O2 | W68: 1.166 | X68: 3120.945 | Y68: 125991.52 | Z68: N2O | AA68: 2.263 | AB68: 65.2266 | AC68: 0.0686 | AD68: ppm | AE68: =P68*'Run 1 Curve Parameters'!$D$3+'Run 1 Curve Parameters'!$E$3 -> 219.36657 | AF68: =K68*'Run 1 Curve Parameters'!$D$2+'Run 1 Curve Parameters'!$E$2 -> -106.53644
A69: 68 | B69: BLANK | C69: BLANK | D69: 68 | E69: BLANK | F69: F220930s68.CHR | G69: 44834 | H69: 0.5734838 | I69: CH4 | J69: 1.406 | K69: 0.392 | L69: 2.0134 | M69: ppm | N69: CO2 | O69: 1.946 | P69: 130.0416 | Q69: 271.0403 | R69: ppm | S69: E220930s68.CHR | T69: 44834 | U69: 0.5734838 | V69: O2 | W69: 1.16 | X69: 3398.0848 | Y69: 156535.49 | Z69: N2O | AA69: 2.26 | AB69: 78.2518 | AC69: 0.122 | AD69: ppm | AE69: =P69*'Run 1 Curve Parameters'!$D$3+'Run 1 Curve Parameters'!$E$3 -> 330.92803 | AF69: =K69*'Run 1 Curve Parameters'!$D$2+'Run 1 Curve Parameters'!$E$2 -> -106.38422
A70: 69 | B70: ACRU | C70: RM302 | D70: 69 | E70: =D70&"g" -> 69g | F70: F220930s69.CHR | G70: 44834 | H70: 0.5772338 | I70: CH4 | J70: 1.416 | K70: 111.1246 | L70: 480.9563 | M70: ppm | N70: CO2 | O70: 1.953 | P70: 15504.635 | Q70: 57091.638 | R70: ppm | S70: E220930s69.CHR | T70: 44834 | U70: 0.5772338 | V70: O2 | W70: 1.163 | X70: 2930.4281 | Y70: 109514.39 | Z70: N2O | AA70: 2.26 | AB70: 270.1277 | AC70: 0.9084 | AD70: ppm | AE70: =P70*'Run 1 Curve Parameters'!$D$3+'Run 1 Curve Parameters'!$E$3 -> 64487.936 | AF70: =K70*'Run 1 Curve Parameters'!$D$2+'Run 1 Curve Parameters'!$E$2 -> 567.85246
A71: 70 | B71: BLANK | C71: BLANK | D71: 70 | E71: BLANK | F71: F220930s70.CHR | G71: 44834 | H71: 0.5809838 | I71: CH4 | J71: 1.396 | K71: 0.2794 | L71: 1.5264 | M71: ppm | N71: CO2 | O71: 1.94 | P71: 186.2842 | Q71: 478.8986 | R71: ppm | S71: E220930s70.CHR | T71: 44834 | U71: 0.5809838 | V71: O2 | W71: 1.156 | X71: 3165.513 | Y71: 130288.79 | Z71: N2O | AA71: 2.25 | AB71: 72.9088 | AC71: 0.1001 | AD71: ppm | AE71: =P71*'Run 1 Curve Parameters'!$D$3+'Run 1 Curve Parameters'!$E$3 -> 565.62412 | AF71: =K71*'Run 1 Curve Parameters'!$D$2+'Run 1 Curve Parameters'!$E$2 -> -107.06982
A72: 71 | B72: ACRU | C72: RM303 | D72: 71 | E72: =D72&"g" -> 71g | F72: F220930s71.CHR | G72: 44834 | H72: 0.58472222 | I72: CH4 | J72: 1.41 | K72: 98.9529 | L72: 428.3111 | M72: ppm | N72: CO2 | O72: 1.953 | P72: 1924.3268 | Q72: 6902.2634 | R72: ppm | S72: E220930s71.CHR | T72: 44834 | U72: 0.58472222 | V72: O2 | W72: 1.163 | X72: 3514.092 | Y72: 173288.34 | Z72: N2O | AA72: 2.253 | AB72: 143.6808 | AC72: 0.3902 | AD72: ppm | AE72: =P72*'Run 1 Curve Parameters'!$D$3+'Run 1 Curve Parameters'!$E$3 -> 7818.3437 | AF72: =K72*'Run 1 Curve Parameters'!$D$2+'Run 1 Curve Parameters'!$E$2 -> 493.74053
A73: 72 | B73: BLANK | C73: BLANK | D73: 72 | E73: BLANK | F73: F220930s72.CHR | G73: 44834 | H73: 0.58847222 | I73: CH4 | J73: 1.416 | K73: 0.5121 | L73: 2.5329 | M73: ppm | N73: CO2 | O73: 1.953 | P73: 113.8435 | Q73: 211.1762 | R73: ppm | S73: E220930s72.CHR | T73: 44834 | U73: 0.58847222 | V73: O2 | W73: 1.166 | X73: 3152.307 | Y73: 129001.89 | Z73: N2O | AA73: 2.263 | AB73: 65.5125 | AC73: 0.0698 | AD73: ppm | AE73: =P73*'Run 1 Curve Parameters'!$D$3+'Run 1 Curve Parameters'!$E$3 -> 263.33459 | AF73: =K73*'Run 1 Curve Parameters'!$D$2+'Run 1 Curve Parameters'!$E$2 -> -105.65294
A74: 73 | B74: Check Standard | C74: CHECK | D74: 73 | E74: ChkStd1 | F74: F220930s73.CHR | G74: 44834 | H74: 0.59222222 | I74: CH4 | J74: 1.403 | K74: 0.6713 | L74: 3.2214 | M74: ppm | N74: CO2 | O74: 1.943 | P74: 168.0021 | Q74: 411.3326 | R74: ppm | S74: E220930s73.CHR | T74: 44834 | U74: 0.59222222 | V74: O2 | W74: 1.16 | X74: 3826.2581 | Y74: 219326.21 | Z74: N2O | AA74: 2.253 | AB74: 113.9411 | AC74: 0.2683 | AD74: ppm | AE74: =P74*'Run 1 Curve Parameters'!$D$3+'Run 1 Curve Parameters'!$E$3 -> 489.33431 | AF74: =K74*'Run 1 Curve Parameters'!$D$2+'Run 1 Curve Parameters'!$E$2 -> -104.6836
A75: 74 | B75: BLANK | C75: BLANK | D75: 74 | E75: BLANK | F75: F220930s74.CHR | G75: 44834 | H75: 0.59596065 | I75: CH4 | J75: 1.41 | K75: 0.371 | L75: 1.9226 | M75: ppm | N75: CO2 | O75: 1.943 | P75: 111.2203 | Q75: 201.4815 | R75: ppm | S75: E220930s74.CHR | T75: 44834 | U75: 0.59596065 | V75: O2 | W75: 1.16 | X75: 3188.0443 | Y75: 132484.43 | Z75: N2O | AA75: 2.253 | AB75: 69.864 | AC75: 0.0876 | AD75: ppm | AE75: =P75*'Run 1 Curve Parameters'!$D$3+'Run 1 Curve Parameters'!$E$3 -> 252.38817 | AF75: =K75*'Run 1 Curve Parameters'!$D$2+'Run 1 Curve Parameters'!$E$2 -> -106.51208
A76: 75 | B76: ACRU | C76: RM4 | D76: 75 | E76: =D76&"g" -> 75g | F76: F220930s75.CHR | G76: 44834 | H76: 0.59971065 | I76: CH4 | J76: 1.416 | K76: 1.7448 | L76: 7.8646 | M76: ppm | N76: CO2 | O76: 1.953 | P76: 13961.122 | Q76: 51387.207 | R76: ppm | S76: E220930s75.CHR | T76: 44834 | U76: 0.59971065 | V76: O2 | W76: 1.166 | X76: 2925.6808 | Y76: 109130.01 | Z76: N2O | AA76: 2.256 | AB76: 737.1948 | AC76: 2.8229 | AD76: ppm | AE76: =P76*'Run 1 Curve Parameters'!$D$3+'Run 1 Curve Parameters'!$E$3 -> 58046.976 | AF76: =K76*'Run 1 Curve Parameters'!$D$2+'Run 1 Curve Parameters'!$E$2 -> -98.147191
A77: 76 | B77: BLANK | C77: BLANK | D77: 76 | E77: BLANK | F77: F220930s76.CHR | G77: 44834 | H77: 0.60344907 | I77: CH4 | J77: 0 | K77: 0 | L77: 0 | M77: ppm | N77: CO2 | O77: 1.946 | P77: 111.8026 | Q77: 203.6335 | R77: ppm | S77: E220930s76.CHR | T77: 44834 | U77: 0.60344907 | V77: O2 | W77: 1.16 | X77: 3120.1516 | Y77: 125919.11 | Z77: N2O | AA77: 2.256 | AB77: 65.5618 | AC77: 0.07 | AD77: ppm | AE77: =P77*'Run 1 Curve Parameters'!$D$3+'Run 1 Curve Parameters'!$E$3 -> 254.81807 | AF77: =K77*'Run 1 Curve Parameters'!$D$2+'Run 1 Curve Parameters'!$E$2 -> -108.77106
A78: 77 | B78: ACRU | C78: RM5 | D78: 77 | E78: =D78&"g" -> 77g | F78: F220930s77.CHR | G78: 44834 | H78: 0.60719907 | I78: CH4 | J78: 1.42 | K78: 1.5576 | L78: 7.0549 | M78: ppm | N78: CO2 | O78: 1.966 | P78: 2083.3947 | Q78: 7490.138 | R78: ppm | S78: E220930s77.CHR | T78: 44834 | U78: 0.60719907 | V78: O2 | W78: 1.17 | X78: 3592.9318 | Y78: 184915.54 | Z78: N2O | AA78: 2.266 | AB78: 145.6618 | AC78: 0.3983 | AD78: ppm | AE78: =P78*'Run 1 Curve Parameters'!$D$3+'Run 1 Curve Parameters'!$E$3 -> 8482.122 | AF78: =K78*'Run 1 Curve Parameters'!$D$2+'Run 1 Curve Parameters'!$E$2 -> -99.287028
A79: 78 | B79: BLANK | C79: BLANK | D79: 78 | E79: BLANK | F79: F220930s78.CHR | G79: 44834 | H79: 0.61094907 | I79: CH4 | J79: 0 | K79: 0 | L79: 0 | M79: ppm | N79: CO2 | O79: 1.943 | P79: 41.4406 | Q79: 0 | R79: ppm | S79: E220930s78.CHR | T79: 44834 | U79: 0.61094907 | V79: O2 | W79: 1.156 | X79: 1063.3604 | Y79: 4970.1577 | Z79: N2O | AA79: 2.25 | AB79: 17.5692 | AC79: 0 | AD79: ppm | AE79: =P79*'Run 1 Curve Parameters'!$D$3+'Run 1 Curve Parameters'!$E$3 -> -38.797209 | AF79: =K79*'Run 1 Curve Parameters'!$D$2+'Run 1 Curve Parameters'!$E$2 -> -108.77106
A80: 79 | B80: ACRU | C80: RM501 | D80: 79 | E80: =D80&"g" -> 79g | F80: F220930s79.CHR | G80: 44834 | H80: 0.6146875 | I80: CH4 | J80: 1.403 | K80: 0.4662 | L80: 2.3343 | M80: ppm | N80: CO2 | O80: 1.943 | P80: 250.2051 | Q80: 715.1341 | R80: ppm | S80: E220930s79.CHR | T80: 44834 | U80: 0.6146875 | V80: O2 | W80: 1.16 | X80: 3556.917 | Y80: 179604.12 | Z80: N2O | AA80: 2.253 | AB80: 93.9292 | AC80: 0.1862 | AD80: ppm | AE80: =P80*'Run 1 Curve Parameters'!$D$3+'Run 1 Curve Parameters'!$E$3 -> 832.36118 | AF80: =K80*'Run 1 Curve Parameters'!$D$2+'Run 1 Curve Parameters'!$E$2 -> -105.93242
A81: 80 | B81: BLANK | C81: BLANK | D81: 80 | E81: BLANK | F81: F220930s80.CHR | G81: 44834 | H81: 0.6184375 | I81: CH4 | J81: 0 | K81: 0 | L81: 0 | M81: ppm | N81: CO2 | O81: 1.946 | P81: 43.0666 | Q81: 0 | R81: ppm | S81: E220930s80.CHR | T81: 44834 | U81: 0.6184375 | V81: O2 | W81: 1.163 | X81: 1215.7955 | Y81: 11605.813 | Z81: N2O | AA81: 2.263 | AB81: 18.6944 | AC81: 0 | AD81: ppm | AE81: =P81*'Run 1 Curve Parameters'!$D$3+'Run 1 Curve Parameters'!$E$3 -> -32.012034 | AF81: =K81*'Run 1 Curve Parameters'!$D$2+'Run 1 Curve Parameters'!$E$2 -> -108.77106
A82: 81 | B82: ACRU | C82: RM502 | D82: 81 | E82: =D82&"g" -> 81g | F82: F220930s81.CHR | G82: 44834 | H82: 0.6221875 | I82: CH4 | J82: 1.41 | K82: 40.2322 | L82: 174.3311 | M82: ppm | N82: CO2 | O82: 1.956 | P82: 9202.2398 | Q82: 33799.584 | R82: ppm | S82: E220930s81.CHR | T82: 44834 | U82: 0.6221875 | V82: O2 | W82: 1.16 | X82: 3260.5012 | Y82: 139997.39 | Z82: N2O | AA82: 2.253 | AB82: 243.5808 | AC82: 0.7996 | AD82: ppm | AE82: =P82*'Run 1 Curve Parameters'!$D$3+'Run 1 Curve Parameters'!$E$3 -> 38188.521 | AF82: =K82*'Run 1 Curve Parameters'!$D$2+'Run 1 Curve Parameters'!$E$2 -> 136.19768
A83: 82 | B83: BLANK | C83: BLANK | D83: 82 | E83: BLANK | F83: F220930s82.CHR | G83: 44834 | H83: 0.6259375 | I83: CH4 | J83: 1.413 | K83: 0.1529 | L83: 0.9792 | M83: ppm | N83: CO2 | O83: 1.956 | P83: 92.132 | Q83: 130.936 | R83: ppm | S83: E220930s82.CHR | T83: 44834 | U83: 0.6259375 | V83: O2 | W83: 1.166 | X83: 3003.378 | Y83: 115545.72 | Z83: N2O | AA83: 2.27 | AB83: 56.2448 | AC83: 0.0318 | AD83: ppm | AE83: =P83*'Run 1 Curve Parameters'!$D$3+'Run 1 Curve Parameters'!$E$3 -> 172.73415 | AF83: =K83*'Run 1 Curve Parameters'!$D$2+'Run 1 Curve Parameters'!$E$2 -> -107.84007
A84: 83 | B84: ACRU | C84: RM503 | D84: 83 | E84: =D84&"g" -> 83g | F84: F220930s83.CHR | G84: 44834 | H84: 0.62967593 | I84: CH4 | J84: 1.42 | K84: 0.795 | L84: 3.7565 | M84: ppm | N84: CO2 | O84: 1.966 | P84: 1723.4322 | Q84: 6159.8079 | R84: ppm | S84: E220930s83.CHR | T84: 44834 | U84: 0.62967593 | V84: O2 | W84: 1.17 | X84: 3616.4385 | Y84: 188382.28 | Z84: N2O | AA84: 2.266 | AB84: 138.688 | AC84: 0.3697 | AD84: ppm | AE84: =P84*'Run 1 Curve Parameters'!$D$3+'Run 1 Curve Parameters'!$E$3 -> 6980.0258 | AF84: =K84*'Run 1 Curve Parameters'!$D$2+'Run 1 Curve Parameters'!$E$2 -> -103.9304
A85: 84 | B85: BLANK | C85: BLANK | D85: 84 | E85: BLANK | F85: F220930s84.CHR | G85: 44834 | H85: 0.63342593 | I85: CH4 | J85: 1.403 | K85: 0.265 | L85: 1.4641 | M85: ppm | N85: CO2 | O85: 1.943 | P85: 85.3067 | Q85: 105.7114 | R85: ppm | S85: E220930s84.CHR | T85: 44834 | U85: 0.63342593 | V85: O2 | W85: 1.156 | X85: 2892.503 | Y85: 106455.57 | Z85: N2O | AA85: 2.256 | AB85: 55.3286 | AC85: 0.028 | AD85: ppm | AE85: =P85*'Run 1 Curve Parameters'!$D$3+'Run 1 Curve Parameters'!$E$3 -> 144.25269 | AF85: =K85*'Run 1 Curve Parameters'!$D$2+'Run 1 Curve Parameters'!$E$2 -> -107.1575
A86: 85 | B86: ACRU | C86: RMS1 | D86: 85 | E86: =D86&"g" -> 85g | F86: F220930s85.CHR | G86: 44834 | H86: 0.63716435 | I86: CH4 | J86: 1.406 | K86: 23.0414 | L86: 99.9771 | M86: ppm | N86: CO2 | O86: 1.953 | P86: 1692.3568 | Q86: 6044.9611 | R86: ppm | S86: E220930s85.CHR | T86: 44834 | U86: 0.63716435 | V86: O2 | W86: 1.16 | X86: 3473.5884 | Y86: 167314.92 | Z86: N2O | AA86: 2.253 | AB86: 136.4654 | AC86: 0.3606 | AD86: ppm | AE86: =P86*'Run 1 Curve Parameters'!$D$3+'Run 1 Curve Parameters'!$E$3 -> 6850.3506 | AF86: =K86*'Run 1 Curve Parameters'!$D$2+'Run 1 Curve Parameters'!$E$2 -> 31.52509
A87: 86 | B87: BLANK | C87: BLANK | D87: 86 | E87: BLANK | F87: F220930s86.CHR | G87: 44834 | H87: 0.64091435 | I87: CH4 | J87: 1.406 | K87: 0.2826 | L87: 1.5402 | M87: ppm | N87: CO2 | O87: 1.943 | P87: 100.7158 | Q87: 162.6595 | R87: ppm | S87: E220930s86.CHR | T87: 44834 | U87: 0.64091435 | V87: O2 | W87: 1.156 | X87: 3051.6926 | Y87: 119691.36 | Z87: N2O | AA87: 2.253 | AB87: 62.8632 | AC87: 0.0589 | AD87: ppm | AE87: =P87*'Run 1 Curve Parameters'!$D$3+'Run 1 Curve Parameters'!$E$3 -> 208.55369 | AF87: =K87*'Run 1 Curve Parameters'!$D$2+'Run 1 Curve Parameters'!$E$2 -> -107.05034
A88: 87 | B88: ACSA | C88: SM1 | D88: 87 | E88: =D88&"g" -> 87g | F88: F220930s87.CHR | G88: 44834 | H88: 0.64465278 | I88: CH4 | J88: 1.406 | K88: 2.9692 | L88: 13.1604 | M88: ppm | N88: CO2 | O88: 1.946 | P88: 267.4211 | Q88: 778.7601 | R88: ppm | S88: E220930s87.CHR | T88: 44834 | U88: 0.64465278 | V88: O2 | W88: 1.16 | X88: 3539.0014 | Y88: 176961.95 | Z88: N2O | AA88: 2.256 | AB88: 94.4924 | AC88: 0.1885 | AD88: ppm | AE88: =P88*'Run 1 Curve Parameters'!$D$3+'Run 1 Curve Parameters'!$E$3 -> 904.20223 | AF88: =K88*'Run 1 Curve Parameters'!$D$2+'Run 1 Curve Parameters'!$E$2 -> -90.691975
A89: 88 | B89: BLANK | C89: BLANK | D89: 88 | E89: BLANK | F89: F220930s88.CHR | G89: 44834 | H89: 0.6483912 | I89: CH4 | J89: 1.406 | K89: 0.2766 | L89: 1.5143 | M89: ppm | N89: CO2 | O89: 1.946 | P89: 91.4115 | Q89: 128.2732 | R89: ppm | S89: E220930s88.CHR | T89: 44834 | U89: 0.6483912 | V89: O2 | W89: 1.156 | X89: 2970.9956 | Y89: 112799.06 | Z89: N2O | AA89: 2.253 | AB89: 58.9992 | AC89: 0.0431 | AD89: ppm | AE89: =P89*'Run 1 Curve Parameters'!$D$3+'Run 1 Curve Parameters'!$E$3 -> 169.72756 | AF89: =K89*'Run 1 Curve Parameters'!$D$2+'Run 1 Curve Parameters'!$E$2 -> -107.08687
A90: 89 | B90: ACSA | C90: SM10 | D90: 89 | E90: =D90&"g" -> 89g | F90: F220930s89.CHR | G90: 44834 | H90: 0.65212963 | I90: CH4 | J90: 1.406 | K90: 1.8218 | L90: 8.1976 | M90: ppm | N90: CO2 | O90: 1.956 | P90: 3268.7646 | Q90: 11870.965 | R90: ppm | S90: E220930s89.CHR | T90: 44834 | U90: 0.65212963 | V90: O2 | W90: 1.156 | X90: 3386.8092 | Y90: 155027.42 | Z90: N2O | AA90: 2.253 | AB90: 209.5668 | AC90: 0.6602 | AD90: ppm | AE90: =P90*'Run 1 Curve Parameters'!$D$3+'Run 1 Curve Parameters'!$E$3 -> 13428.58 | AF90: =K90*'Run 1 Curve Parameters'!$D$2+'Run 1 Curve Parameters'!$E$2 -> -97.678348
A91: 90 | B91: BLANK | C91: BLANK | D91: 90 | E91: BLANK | F91: F220930s90.CHR | G91: 44834 | H91: 0.65587963 | I91: CH4 | J91: 1.42 | K91: 0.2514 | L91: 1.4053 | M91: ppm | N91: CO2 | O91: 1.963 | P91: 98.5816 | Q91: 154.7721 | R91: ppm | S91: E220930s90.CHR | T91: 44834 | U91: 0.65587963 | V91: O2 | W91: 1.166 | X91: 3042.6672 | Y91: 118916.94 | Z91: N2O | AA91: 2.276 | AB91: 59.7687 | AC91: 0.0462 | AD91: ppm | AE91: =P91*'Run 1 Curve Parameters'!$D$3+'Run 1 Curve Parameters'!$E$3 -> 199.64784 | AF91: =K91*'Run 1 Curve Parameters'!$D$2+'Run 1 Curve Parameters'!$E$2 -> -107.24031
A92: 91 | B92: ACSA | C92: SM11 | D92: 91 | E92: =D92&"g" -> 91g | F92: F220930s91.CHR | G92: 44834 | H92: 0.65962963 | I92: CH4 | J92: 1.416 | K92: 0.59 | L92: 2.8698 | M92: ppm | N92: CO2 | O92: 1.963 | P92: 397.9014 | Q92: 1260.9822 | R92: ppm | S92: E220930s91.CHR | T92: 44834 | U92: 0.65962963 | V92: O2 | W92: 1.166 | X92: 3622.4739 | Y92: 189272.37 | Z92: N2O | AA92: 2.273 | AB92: 100.5756 | AC92: 0.2135 | AD92: ppm | AE92: =P92*'Run 1 Curve Parameters'!$D$3+'Run 1 Curve Parameters'!$E$3 -> 1448.6866 | AF92: =K92*'Run 1 Curve Parameters'!$D$2+'Run 1 Curve Parameters'!$E$2 -> -105.17862
A93: 92 | B93: BLANK | C93: BLANK | D93: 92 | E93: BLANK | F93: F220930s92.CHR | G93: 44834 | H93: 0.66337963 | I93: CH4 | J93: 1.416 | K93: 0.3538 | L93: 1.8482 | M93: ppm | N93: CO2 | O93: 1.963 | P93: 123.84 | Q93: 248.1207 | R93: ppm | S93: E220930s92.CHR | T93: 44834 | U93: 0.66337963 | V93: O2 | W93: 1.166 | X93: 3205.6014 | Y93: 134258.09 | Z93: N2O | AA93: 2.276 | AB93: 68.3222 | AC93: 0.0813 | AD93: ppm | AE93: =P93*'Run 1 Curve Parameters'!$D$3+'Run 1 Curve Parameters'!$E$3 -> 305.04922 | AF93: =K93*'Run 1 Curve Parameters'!$D$2+'Run 1 Curve Parameters'!$E$2 -> -106.61681
A94: 93 | B94: Check Standard | C94: CHECK | D94: 93 | E94: ChkStd2 | F94: F220930s93.CHR | G94: 44834 | H94: 0.66711806 | I94: CH4 | J94: 1.406 | K94: 0.6484 | L94: 3.1224 | M94: ppm | N94: CO2 | O94: 1.95 | P94: 165.8838 | Q94: 403.5039 | R94: ppm | S94: E220930s93.CHR | T94: 44834 | U94: 0.66711806 | V94: O2 | W94: 1.16 | X94: 3809.1478 | Y94: 216802.81 | Z94: N2O | AA94: 2.26 | AB94: 110.3854 | AC94: 0.2537 | AD94: ppm | AE94: =P94*'Run 1 Curve Parameters'!$D$3+'Run 1 Curve Parameters'!$E$3 -> 480.4948 | AF94: =K94*'Run 1 Curve Parameters'!$D$2+'Run 1 Curve Parameters'!$E$2 -> -104.82303
A95: 94 | B95: BLANK | C95: BLANK | D95: 94 | E95: BLANK | F95: F220930s94.CHR | G95: 44834 | H95: 0.67086806 | I95: CH4 | J95: 1.416 | K95: 0.3342 | L95: 1.7634 | M95: ppm | N95: CO2 | O95: 1.96 | P95: 98.1191 | Q95: 153.0628 | R95: ppm | S95: E220930s94.CHR | T95: 44834 | U95: 0.67086806 | V95: O2 | W95: 1.166 | X95: 3116.7989 | Y95: 125613.16 | Z95: N2O | AA95: 2.273 | AB95: 63.8842 | AC95: 0.0631 | AD95: ppm | AE95: =P95*'Run 1 Curve Parameters'!$D$3+'Run 1 Curve Parameters'!$E$3 -> 197.71786 | AF95: =K95*'Run 1 Curve Parameters'!$D$2+'Run 1 Curve Parameters'!$E$2 -> -106.73615
A96: 95 | B96: ACSA | C96: SM13 | D96: 95 | E96: =D96&"g" -> 95g | F96: F220930s95.CHR | G96: 44834 | H96: 0.67460648 | I96: CH4 | J96: 1.416 | K96: 0.6904 | L96: 3.3041 | M96: ppm | N96: CO2 | O96: 1.963 | P96: 2352.6852 | Q96: 8485.3674 | R96: ppm | S96: E220930s95.CHR | T96: 44834 | U96: 0.67460648 | V96: O2 | W96: 1.166 | X96: 3475.4698 | Y96: 167592.39 | Z96: N2O | AA96: 2.263 | AB96: 184.5866 | AC96: 0.5578 | AD96: ppm | AE96: =P96*'Run 1 Curve Parameters'!$D$3+'Run 1 Curve Parameters'!$E$3 -> 9605.8508 | AF96: =K96*'Run 1 Curve Parameters'!$D$2+'Run 1 Curve Parameters'!$E$2 -> -104.5673
A97: 96 | B97: BLANK | C97: BLANK | D97: 96 | E97: BLANK | F97: F220930s96.CHR | G97: 44834 | H97: 0.67835648 | I97: CH4 | J97: 1.413 | K97: 0.2888 | L97: 1.567 | M97: ppm | N97: CO2 | O97: 1.953 | P97: 93.789 | Q97: 137.0598 | R97: ppm | S97: E220930s96.CHR | T97: 44834 | U97: 0.67835648 | V97: O2 | W97: 1.166 | X97: 2928.4483 | Y97: 109354.09 | Z97: N2O | AA97: 2.266 | AB97: 58.8364 | AC97: 0.0424 | AD97: ppm | AE97: =P97*'Run 1 Curve Parameters'!$D$3+'Run 1 Curve Parameters'!$E$3 -> 179.64868 | AF97: =K97*'Run 1 Curve Parameters'!$D$2+'Run 1 Curve Parameters'!$E$2 -> -107.01259
A98: 97 | B98: ACSA | C98: SM14 | D98: 97 | E98: =D98&"g" -> 97g | F98: F220930s97.CHR | G98: 44834 | H98: 0.68210648 | I98: CH4 | J98: 1.413 | K98: 0.422 | L98: 2.1432 | M98: ppm | N98: CO2 | O98: 1.956 | P98: 169.6514 | Q98: 417.428 | R98: ppm | S98: E220930s97.CHR | T98: 44834 | U98: 0.68210648 | V98: O2 | W98: 1.166 | X98: 3634.1096 | Y98: 190988.39 | Z98: N2O | AA98: 2.266 | AB98: 92.3711 | AC98: 0.1798 | AD98: ppm | AE98: =P98*'Run 1 Curve Parameters'!$D$3+'Run 1 Curve Parameters'!$E$3 -> 496.21671 | AF98: =K98*'Run 1 Curve Parameters'!$D$2+'Run 1 Curve Parameters'!$E$2 -> -106.20155
A99: 98 | B99: BLANK | C99: BLANK | D99: 98 | E99: BLANK | F99: F220930s98.CHR | G99: 44834 | H99: 0.68585648 | I99: CH4 | J99: 1.406 | K99: 0.3196 | L99: 1.7003 | M99: ppm | N99: CO2 | O99: 1.94 | P99: 85.5416 | Q99: 106.5795 | R99: ppm | S99: E220930s98.CHR | T99: 44834 | U99: 0.68585648 | V99: O2 | W99: 1.156 | X99: 2942.9598 | Y99: 110529.06 | Z99: N2O | AA99: 2.253 | AB99: 57.601 | AC99: 0.0373 | AD99: ppm | AE99: =P99*'Run 1 Curve Parameters'!$D$3+'Run 1 Curve Parameters'!$E$3 -> 145.23291 | AF99: =K99*'Run 1 Curve Parameters'!$D$2+'Run 1 Curve Parameters'!$E$2 -> -106.82505
A100: 99 | B100: ACSA | C100: SM15 | D100: 99 | E100: =D100&"g" -> 99g | F100: F220930s99.CHR | G100: 44834 | H100: 0.68960648 | I100: CH4 | J100: 1.406 | K100: 0.895 | L100: 4.189 | M100: ppm | N100: CO2 | O100: 1.946 | P100: 1616.143 | Q100: 5763.2942 | R100: ppm | S100: E220930s99.CHR | T100: 44834 | U100: 0.68960648 | V100: O2 | W100: 1.16 | X100: 3487.5772 | Y100: 169377.97 | Z100: N2O | AA100: 2.246 | AB100: 139.8733 | AC100: 0.3746 | AD100: ppm | AE100: =P100*'Run 1 Curve Parameters'!$D$3+'Run 1 Curve Parameters'!$E$3 -> 6532.3162 | AF100: =K100*'Run 1 Curve Parameters'!$D$2+'Run 1 Curve Parameters'!$E$2 -> -103.32151
A101: 100 | B101: BLANK | C101: BLANK | D101: 100 | E101: BLANK | F101: F220930s100.CHR | G101: 44834 | H101: 0.69334491 | I101: CH4 | J101: 1.4 | K101: 0.3041 | L101: 1.6332 | M101: ppm | N101: CO2 | O101: 1.936 | P101: 94.5342 | Q101: 139.8139 | R101: ppm | S101: E220930s100.CHR | T101: 44834 | U101: 0.69334491 | V101: O2 | W101: 1.16 | X101: 3087.2948 | Y101: 122920.7 | Z101: N2O | AA101: 2.243 | AB101: 63.8467 | AC101: 0.0629 | AD101: ppm | AE101: =P101*'Run 1 Curve Parameters'!$D$3+'Run 1 Curve Parameters'!$E$3 -> 182.75835 | AF101: =K101*'Run 1 Curve Parameters'!$D$2+'Run 1 Curve Parameters'!$E$2 -> -106.91943
A102: 101 | B102: ACSA | C102: SM2 | D102: 101 | E102: =D102&"g" -> 101g | F102: F220930s101.CHR | G102: 44834 | H102: 0.69709491 | I102: CH4 | J102: 1.413 | K102: 548.4939 | L102: 2372.6751 | M102: ppm | N102: CO2 | O102: 1.946 | P102: 649.6654 | Q102: 2191.4381 | R102: ppm | S102: E220930s101.CHR | T102: 44834 | U102: 0.69709491 | V102: O2 | W102: 1.166 | X102: 3508.9117 | Y102: 172524.36 | Z102: N2O | AA102: 2.246 | AB102: 104.9021 | AC102: 0.2312 | AD102: ppm | AE102: =P102*'Run 1 Curve Parameters'!$D$3+'Run 1 Curve Parameters'!$E$3 -> 2499.2786 | AF102: =K102*'Run 1 Curve Parameters'!$D$2+'Run 1 Curve Parameters'!$E$2 -> 3230.9383
A103: 102 | B103: BLANK | C103: BLANK | D103: 102 | E103: BLANK | F103: F220930s102.CHR | G103: 44834 | H103: 0.70084491 | I103: CH4 | J103: 1.403 | K103: 2.672 | L103: 11.8749 | M103: ppm | N103: CO2 | O103: 1.93 | P103: 100.218 | Q103: 160.8198 | R103: ppm | S103: E220930s102.CHR | T103: 44834 | U103: 0.70084491 | V103: O2 | W103: 1.16 | X103: 3017.8626 | Y103: 116788.57 | Z103: N2O | AA103: 2.24 | AB103: 65.551 | AC103: 0.0699 | AD103: ppm | AE103: =P103*'Run 1 Curve Parameters'!$D$3+'Run 1 Curve Parameters'!$E$3 -> 206.47641 | AF103: =K103*'Run 1 Curve Parameters'!$D$2+'Run 1 Curve Parameters'!$E$2 -> -92.501588
A104: 103 | B104: ACSA | C104: SM3 | D104: 103 | E104: =D104&"g" -> 103g | F104: F220930s103.CHR | G104: 44834 | H104: 0.70459491 | I104: CH4 | J104: 1.413 | K104: 4087.2196 | L104: 17678.445 | M104: ppm | N104: CO2 | O104: 1.956 | P104: 1687.3644 | Q104: 6026.5105 | R104: ppm | S104: E220930s103.CHR | T104: 44834 | U104: 0.70459491 | V104: O2 | W104: 1.17 | X104: 3605.6822 | Y104: 186795.95 | Z104: N2O | AA104: 2.253 | AB104: 131.7132 | AC104: 0.3411 | AD104: ppm | AE104: =P104*'Run 1 Curve Parameters'!$D$3+'Run 1 Curve Parameters'!$E$3 -> 6829.5177 | AF104: =K104*'Run 1 Curve Parameters'!$D$2+'Run 1 Curve Parameters'!$E$2 -> 24777.788
A105: 104 | B105: BLANK | C105: BLANK | D105: 104 | E105: BLANK | F105: F220930s104.CHR | G105: 44834 | H105: 0.70834491 | I105: CH4 | J105: 1.413 | K105: 0.449 | L105: 2.2599 | M105: ppm | N105: CO2 | O105: 1.946 | P105: 84.8246 | Q105: 103.9297 | R105: ppm | S105: E220930s104.CHR | T105: 44834 | U105: 0.70834491 | V105: O2 | W105: 1.166 | X105: 3065.9184 | Y105: 120969.96 | Z105: N2O | AA105: 2.256 | AB105: 56.9991 | AC105: 0.0349 | AD105: ppm | AE105: =P105*'Run 1 Curve Parameters'!$D$3+'Run 1 Curve Parameters'!$E$3 -> 142.24092 | AF105: =K105*'Run 1 Curve Parameters'!$D$2+'Run 1 Curve Parameters'!$E$2 -> -106.03715
A106: 105 | B106: ACSA | C106: SM5 | D106: 105 | E106: =D106&"g" -> 105g | F106: F220930s105.CHR | G106: 44834 | H106: 0.71209491 | I106: CH4 | J106: 1.406 | K106: 4.5718 | L106: 20.092 | M106: ppm | N106: CO2 | O106: 1.946 | P106: 4591.2831 | Q106: 16758.658 | R106: ppm | S106: E220930s105.CHR | T106: 44834 | U106: 0.71209491 | V106: O2 | W106: 1.16 | X106: 3469.8719 | Y106: 166766.82 | Z106: N2O | AA106: 2.24 | AB106: 211.3336 | AC106: 0.6675 | AD106: ppm | AE106: =P106*'Run 1 Curve Parameters'!$D$3+'Run 1 Curve Parameters'!$E$3 -> 18947.35 | AF106: =K106*'Run 1 Curve Parameters'!$D$2+'Run 1 Curve Parameters'!$E$2 -> -80.933948
A107: 106 | B107: BLANK | C107: BLANK | D107: 106 | E107: BLANK | F107: F220930s106.CHR | G107: 44834 | H107: 0.71584491 | I107: CH4 | J107: 1.413 | K107: 0.2862 | L107: 1.5558 | M107: ppm | N107: CO2 | O107: 1.95 | P107: 140.5441 | Q107: 309.8548 | R107: ppm | S107: E220930s106.CHR | T107: 44834 | U107: 0.71584491 | V107: O2 | W107: 1.166 | X107: 3199.5537 | Y107: 133625.85 | Z107: N2O | AA107: 2.253 | AB107: 62.5961 | AC107: 0.0578 | AD107: ppm | AE107: =P107*'Run 1 Curve Parameters'!$D$3+'Run 1 Curve Parameters'!$E$3 -> 374.75416 | AF107: =K107*'Run 1 Curve Parameters'!$D$2+'Run 1 Curve Parameters'!$E$2 -> -107.02842
A108: 107 | B108: ACSA | C108: SM6 | D108: 107 | E108: =D108&"g" -> 107g | F108: F220930s107.CHR | G108: 44834 | H108: 0.71959491 | I108: CH4 | J108: 1.403 | K108: 2.2216 | L108: 9.9268 | M108: ppm | N108: CO2 | O108: 1.94 | P108: 1268.4119 | Q108: 4478.1682 | R108: ppm | S108: E220930s107.CHR | T108: 44834 | U108: 0.71959491 | V108: O2 | W108: 1.16 | X108: 3530.8934 | Y108: 175766.19 | Z108: N2O | AA108: 2.236 | AB108: 122.6385 | AC108: 0.3039 | AD108: ppm | AE108: =P108*'Run 1 Curve Parameters'!$D$3+'Run 1 Curve Parameters'!$E$3 -> 5081.2607 | AF108: =K108*'Run 1 Curve Parameters'!$D$2+'Run 1 Curve Parameters'!$E$2 -> -95.244016
A109: 108 | B109: BLANK | C109: BLANK | D109: 108 | E109: BLANK | F109: F220930s108.CHR | G109: 44834 | H109: 0.72334491 | I109: CH4 | J109: 1.413 | K109: 0.3028 | L109: 1.6276 | M109: ppm | N109: CO2 | O109: 1.943 | P109: 87.8106 | Q109: 114.9652 | R109: ppm | S109: E220930s108.CHR | T109: 44834 | U109: 0.72334491 | V109: O2 | W109: 1.166 | X109: 3089.6084 | Y109: 123131.83 | Z109: N2O | AA109: 2.25 | AB109: 59.8733 | AC109: 0.0466 | AD109: ppm | AE109: =P109*'Run 1 Curve Parameters'!$D$3+'Run 1 Curve Parameters'!$E$3 -> 154.70128 | AF109: =K109*'Run 1 Curve Parameters'!$D$2+'Run 1 Curve Parameters'!$E$2 -> -106.92734
A110: 109 | B110: ACSA | C110: SM7 | D110: 109 | E110: =D110&"g" -> 109g | F110: F220930s109.CHR | G110: 44834 | H110: 0.72710648 | I110: CH4 | J110: 1.406 | K110: 18.5288 | L110: 80.4591 | M110: ppm | N110: CO2 | O110: 1.943 | P110: 8334.8574 | Q110: 30593.959 | R110: ppm | S110: E220930s109.CHR | T110: 44834 | U110: 0.72710648 | V110: O2 | W110: 1.163 | X110: 3289.1756 | Y110: 143230.16 | Z110: N2O | AA110: 2.236 | AB110: 316.0338 | AC110: 1.0966 | AD110: ppm | AE110: =P110*'Run 1 Curve Parameters'!$D$3+'Run 1 Curve Parameters'!$E$3 -> 34569 | AF110: =K110*'Run 1 Curve Parameters'!$D$2+'Run 1 Curve Parameters'!$E$2 -> 4.048444
A111: 110 | B111: BLANK | C111: BLANK | D111: 110 | E111: BLANK | F111: F220930s110.CHR | G111: 44834 | H111: 0.73085648 | I111: CH4 | J111: 1.403 | K111: 0.1822 | L111: 1.106 | M111: ppm | N111: CO2 | O111: 1.933 | P111: 99.1576 | Q111: 156.9008 | R111: ppm | S111: E220930s110.CHR | T111: 44834 | U111: 0.73085648 | V111: O2 | W111: 1.16 | X111: 3163.9519 | Y111: 130136.67 | Z111: N2O | AA111: 2.236 | AB111: 63.9496 | AC111: 0.0633 | AD111: ppm | AE111: =P111*'Run 1 Curve Parameters'!$D$3+'Run 1 Curve Parameters'!$E$3 -> 202.05144 | AF111: =K111*'Run 1 Curve Parameters'!$D$2+'Run 1 Curve Parameters'!$E$2 -> -107.66166
A112: 111 | B112: ACSA | C112: SM8 | D112: 111 | E112: =D112&"g" -> 111g | F112: F220930s111.CHR | G112: 44834 | H112: 0.73460648 | I112: CH4 | J112: 1.406 | K112: 1.1865 | L112: 5.4498 | M112: ppm | N112: CO2 | O112: 1.933 | P112: 567.4688 | Q112: 1887.6603 | R112: ppm | S112: E220930s111.CHR | T112: 44834 | U112: 0.73460648 | V112: O2 | W112: 1.163 | X112: 3564.6067 | Y112: 180738.19 | Z112: N2O | AA112: 2.236 | AB112: 105.4024 | AC112: 0.2333 | AD112: ppm | AE112: =P112*'Run 1 Curve Parameters'!$D$3+'Run 1 Curve Parameters'!$E$3 -> 2156.2785 | AF112: =K112*'Run 1 Curve Parameters'!$D$2+'Run 1 Curve Parameters'!$E$2 -> -101.54661
A113: 112 | B113: BLANK | C113: BLANK | D113: 112 | E113: BLANK | F113: F220930s112.CHR | G113: 44834 | H113: 0.73836806 | I113: CH4 | J113: 1.403 | K113: 0.3432 | L113: 1.8023 | M113: ppm | N113: CO2 | O113: 1.926 | P113: 104.0816 | Q113: 175.0987 | R113: ppm | S113: E220930s112.CHR | T113: 44834 | U113: 0.73836806 | V113: O2 | W113: 1.16 | X113: 3243.4156 | Y113: 138211.24 | Z113: N2O | AA113: 2.23 | AB113: 68.7171 | AC113: 0.0829 | AD113: ppm | AE113: =P113*'Run 1 Curve Parameters'!$D$3+'Run 1 Curve Parameters'!$E$3 -> 222.59892 | AF113: =K113*'Run 1 Curve Parameters'!$D$2+'Run 1 Curve Parameters'!$E$2 -> -106.68135
A114: 113 | B114: Check Standard | C114: CHECK | D114: 113 | E114: ChkStd3 | F114: F220930s113.CHR | G114: 44834 | H114: 0.74211806 | I114: CH4 | J114: 1.416 | K114: 0.6741 | L114: 3.2335 | M114: ppm | N114: CO2 | O114: 1.943 | P114: 167.6911 | Q114: 410.1833 | R114: ppm | S114: E220930s113.CHR | T114: 44834 | U114: 0.74211806 | V114: O2 | W114: 1.173 | X114: 3962.3873 | Y114: 239402.38 | Z114: N2O | AA114: 2.246 | AB114: 101.3646 | AC114: 0.2167 | AD114: ppm | AE114: =P114*'Run 1 Curve Parameters'!$D$3+'Run 1 Curve Parameters'!$E$3 -> 488.03653 | AF114: =K114*'Run 1 Curve Parameters'!$D$2+'Run 1 Curve Parameters'!$E$2 -> -104.66655
A115: 114 | B115: BLANK | C115: BLANK | D115: 114 | E115: BLANK | F115: F220930s114.CHR | G115: 44834 | H115: 0.74587963 | I115: CH4 | J115: 1.4 | K115: 0.3346 | L115: 1.7651 | M115: ppm | N115: CO2 | O115: 1.926 | P115: 95.4939 | Q115: 143.3607 | R115: ppm | S115: E220930s114.CHR | T115: 44834 | U115: 0.74587963 | V115: O2 | W115: 1.16 | X115: 3134.5362 | Y115: 127270.15 | Z115: N2O | AA115: 2.23 | AB115: 64.8126 | AC115: 0.0669 | AD115: ppm | AE115: =P115*'Run 1 Curve Parameters'!$D$3+'Run 1 Curve Parameters'!$E$3 -> 186.7631 | AF115: =K115*'Run 1 Curve Parameters'!$D$2+'Run 1 Curve Parameters'!$E$2 -> -106.73372
A116: 115 | B116: ACSA | C116: SM4 | D116: 115 | E116: =D116&"g" -> 115g | F116: F220930s115.CHR | G116: 44834 | H116: 0.74962963 | I116: CH4 | J116: 1.41 | K116: 2677.796 | L116: 11582.377 | M116: ppm | N116: CO2 | O116: 1.94 | P116: 1174.7518 | Q116: 4132.0243 | R116: ppm | S116: E220930s115.CHR | T116: 44834 | U116: 0.74962963 | V116: O2 | W116: 1.17 | X116: 3581.9983 | Y116: 183303.08 | Z116: N2O | AA116: 2.233 | AB116: 117.958 | AC116: 0.2847 | AD116: ppm | AE116: =P116*'Run 1 Curve Parameters'!$D$3+'Run 1 Curve Parameters'!$E$3 -> 4690.4243 | AF116: =K116*'Run 1 Curve Parameters'!$D$2+'Run 1 Curve Parameters'!$E$2 -> 16195.987
A117: 116 | B117: BLANK | C117: BLANK | D117: 116 | E117: BLANK | F117: F220930s116.CHR | G117: 44834 | H117: 0.75337963 | I117: CH4 | J117: 1.413 | K117: 3.2327 | L117: 14.3001 | M117: ppm | N117: CO2 | O117: 1.933 | P117: 96.129 | Q117: 145.7079 | R117: ppm | S117: E220930s116.CHR | T117: 44834 | U117: 0.75337963 | V117: O2 | W117: 1.166 | X117: 3135.7644 | Y117: 127389.84 | Z117: N2O | AA117: 2.236 | AB117: 61.1448 | AC117: 0.0519 | AD117: ppm | AE117: =P117*'Run 1 Curve Parameters'!$D$3+'Run 1 Curve Parameters'!$E$3 -> 189.41333 | AF117: =K117*'Run 1 Curve Parameters'!$D$2+'Run 1 Curve Parameters'!$E$2 -> -89.087558
A118: 117 | B118: BEAL | C118: CUL8R | D118: 117 | E118: =D118&"g" -> 117g | F118: F220930s117.CHR | G118: 44834 | H118: 0.75712963 | I118: CH4 | J118: 1.413 | K118: 0.6794 | L118: 3.2565 | M118: ppm | N118: CO2 | O118: 1.94 | P118: 710.0402 | Q118: 2414.568 | R118: ppm | S118: E220930s117.CHR | T118: 44834 | U118: 0.75712963 | V118: O2 | W118: 1.17 | X118: 3672.9647 | Y118: 196718.69 | Z118: N2O | AA118: 2.236 | AB118: 106.7004 | AC118: 0.2386 | AD118: ppm | AE118: =P118*'Run 1 Curve Parameters'!$D$3+'Run 1 Curve Parameters'!$E$3 -> 2751.2181 | AF118: =K118*'Run 1 Curve Parameters'!$D$2+'Run 1 Curve Parameters'!$E$2 -> -104.63428
A119: 118 | B119: BLANK | C119: BLANK | D119: 118 | E119: BLANK | F119: F220930s118.CHR | G119: 44834 | H119: 0.76087963 | I119: CH4 | J119: 1.403 | K119: 0.3632 | L119: 1.8888 | M119: ppm | N119: CO2 | O119: 1.926 | P119: 109.6718 | Q119: 195.7586 | R119: ppm | S119: E220930s118.CHR | T119: 44834 | U119: 0.76087963 | V119: O2 | W119: 1.16 | X119: 3388.6268 | Y119: 155270.52 | Z119: N2O | AA119: 2.226 | AB119: 73.7868 | AC119: 0.1037 | AD119: ppm | AE119: =P119*'Run 1 Curve Parameters'!$D$3+'Run 1 Curve Parameters'!$E$3 -> 245.9264 | AF119: =K119*'Run 1 Curve Parameters'!$D$2+'Run 1 Curve Parameters'!$E$2 -> -106.55958
A120: 119 | B120: BEAL | C120: YB10 | D120: 119 | E120: =D120&"g" -> 119g | F120: F220930s119.CHR | G120: 44834 | H120: 0.76462963 | I120: CH4 | J120: 1.413 | K120: 1.8442 | L120: 8.2945 | M120: ppm | N120: CO2 | O120: 1.94 | P120: 273.5997 | Q120: 801.5946 | R120: ppm | S120: E220930s119.CHR | T120: 44834 | U120: 0.76462963 | V120: O2 | W120: 1.17 | X120: 3711.2926 | Y120: 202371.24 | Z120: N2O | AA120: 2.236 | AB120: 93.365 | AC120: 0.1839 | AD120: ppm | AE120: =P120*'Run 1 Curve Parameters'!$D$3+'Run 1 Curve Parameters'!$E$3 -> 929.98506 | AF120: =K120*'Run 1 Curve Parameters'!$D$2+'Run 1 Curve Parameters'!$E$2 -> -97.541957
A121: 120 | B121: BLANK | C121: BLANK | D121: 120 | E121: BLANK | F121: F220930s120.CHR | G121: 44834 | H121: 0.76837963 | I121: CH4 | J121: 1.403 | K121: 0.3121 | L121: 1.6678 | M121: ppm | N121: CO2 | O121: 1.926 | P121: 88.6771 | Q121: 118.1675 | R121: ppm | S121: E220930s120.CHR | T121: 44834 | U121: 0.76837963 | V121: O2 | W121: 1.16 | X121: 3067.4756 | Y121: 121112.06 | Z121: N2O | AA121: 2.226 | AB121: 58.4944 | AC121: 0.041 | AD121: ppm | AE121: =P121*'Run 1 Curve Parameters'!$D$3+'Run 1 Curve Parameters'!$E$3 -> 158.31711 | AF121: =K121*'Run 1 Curve Parameters'!$D$2+'Run 1 Curve Parameters'!$E$2 -> -106.87072
A122: 121 | B122: BEAL | C122: YB11 | D122: 121 | E122: =D122&"g" -> 121g | F122: F220930s121.CHR | G122: 44834 | H122: 0.77215278 | I122: CH4 | J122: 1.41 | K122: 1205.9154 | L122: 5216.1682 | M122: ppm | N122: CO2 | O122: 1.936 | P122: 1325.6216 | Q122: 4689.6008 | R122: ppm | S122: E220930s121.CHR | T122: 44834 | U122: 0.77215278 | V122: O2 | W122: 1.166 | X122: 3542.5674 | Y122: 177487.86 | Z122: N2O | AA122: 2.23 | AB122: 125.4664 | AC122: 0.3155 | AD122: ppm | AE122: =P122*'Run 1 Curve Parameters'!$D$3+'Run 1 Curve Parameters'!$E$3 -> 5319.9925 | AF122: =K122*'Run 1 Curve Parameters'!$D$2+'Run 1 Curve Parameters'!$E$2 -> 7233.894
A123: 122 | B123: BLANK | C123: BLANK | D123: 122 | E123: BLANK | F123: F220930s122.CHR | G123: 44834 | H123: 0.77590278 | I123: CH4 | J123: 1.413 | K123: 4.1956 | L123: 18.4648 | M123: ppm | N123: CO2 | O123: 1.933 | P123: 99.6749 | Q123: 158.8126 | R123: ppm | S123: E220930s122.CHR | T123: 44834 | U123: 0.77590278 | V123: O2 | W123: 1.166 | X123: 3223.2326 | Y123: 136101.28 | Z123: N2O | AA123: 2.233 | AB123: 63.1084 | AC123: 0.0599 | AD123: ppm | AE123: =P123*'Run 1 Curve Parameters'!$D$3+'Run 1 Curve Parameters'!$E$3 -> 204.2101 | AF123: =K123*'Run 1 Curve Parameters'!$D$2+'Run 1 Curve Parameters'!$E$2 -> -83.224582
A124: 123 | B124: BEAL | C124: YB11' | D124: 123 | E124: =D124&"g" -> 123g | F124: F220930s123.CHR | G124: 44834 | H124: 0.77965278 | I124: CH4 | J124: 1.41 | K124: 1.0426 | L124: 4.8274 | M124: ppm | N124: CO2 | O124: 1.94 | P124: 1103.796 | Q124: 3869.7896 | R124: ppm | S124: E220930s123.CHR | T124: 44834 | U124: 0.77965278 | V124: O2 | W124: 1.166 | X124: 3681.9848 | Y124: 198048.97 | Z124: N2O | AA124: 2.233 | AB124: 121.3499 | AC124: 0.2986 | AD124: ppm | AE124: =P124*'Run 1 Curve Parameters'!$D$3+'Run 1 Curve Parameters'!$E$3 -> 4394.3311 | AF124: =K124*'Run 1 Curve Parameters'!$D$2+'Run 1 Curve Parameters'!$E$2 -> -102.4228
A125: 124 | B125: BLANK | C125: BLANK | D125: 124 | E125: BLANK | F125: F220930s124.CHR | G125: 44834 | H125: 0.78341435 | I125: CH4 | J125: 1.41 | K125: 0.301 | L125: 1.6198 | M125: ppm | N125: CO2 | O125: 1.933 | P125: 92.7918 | Q125: 133.3744 | R125: ppm | S125: E220930s124.CHR | T125: 44834 | U125: 0.78341435 | V125: O2 | W125: 1.166 | X125: 3135.4264 | Y125: 127356.9 | Z125: N2O | AA125: 2.233 | AB125: 59.7158 | AC125: 0.046 | AD125: ppm | AE125: =P125*'Run 1 Curve Parameters'!$D$3+'Run 1 Curve Parameters'!$E$3 -> 175.48744 | AF125: =K125*'Run 1 Curve Parameters'!$D$2+'Run 1 Curve Parameters'!$E$2 -> -106.9383
A126: 125 | B126: BEAL | C126: YB12 | D126: 125 | E126: =D126&"g" -> 125g | F126: F220930s125.CHR | G126: 44834 | H126: 0.78716435 | I126: CH4 | J126: 1.413 | K126: 0.961 | L126: 4.4745 | M126: ppm | N126: CO2 | O126: 1.936 | P126: 589.4312 | Q126: 1968.8277 | R126: ppm | S126: E220930s125.CHR | T126: 44834 | U126: 0.78716435 | V126: O2 | W126: 1.17 | X126: 3656.0242 | Y126: 194220.33 | Z126: N2O | AA126: 2.233 | AB126: 101.4971 | AC126: 0.2173 | AD126: ppm | AE126: =P126*'Run 1 Curve Parameters'!$D$3+'Run 1 Curve Parameters'!$E$3 -> 2247.9259 | AF126: =K126*'Run 1 Curve Parameters'!$D$2+'Run 1 Curve Parameters'!$E$2 -> -102.91965
A127: 126 | B127: BLANK | C127: BLANK | D127: 126 | E127: BLANK | F127: F220930s126.CHR | G127: 44834 | H127: 0.79091435 | I127: CH4 | J127: 1.41 | K127: 0.3332 | L127: 1.7591 | M127: ppm | N127: CO2 | O127: 1.933 | P127: 93.6729 | Q127: 136.6308 | R127: ppm | S127: E220930s126.CHR | T127: 44834 | U127: 0.79091435 | V127: O2 | W127: 1.166 | X127: 3217.0382 | Y127: 135453.71 | Z127: N2O | AA127: 2.236 | AB127: 60.806 | AC127: 0.0505 | AD127: ppm | AE127: =P127*'Run 1 Curve Parameters'!$D$3+'Run 1 Curve Parameters'!$E$3 -> 179.16421 | AF127: =K127*'Run 1 Curve Parameters'!$D$2+'Run 1 Curve Parameters'!$E$2 -> -106.74224
A128: 127 | B128: BEAL | C128: YB13 | D128: 127 | E128: =D128&"g" -> 127g | F128: F220930s127.CHR | G128: 44834 | H128: 0.79467593 | I128: CH4 | J128: 1.413 | K128: 1.836 | L128: 8.259 | M128: ppm | N128: CO2 | O128: 1.943 | P128: 2231.4546 | Q128: 8037.3299 | R128: ppm | S128: E220930s127.CHR | T128: 44834 | U128: 0.79467593 | V128: O2 | W128: 1.166 | X128: 3606.0726 | Y128: 186853.53 | Z128: N2O | AA128: 2.23 | AB128: 147.3049 | AC128: 0.405 | AD128: ppm | AE128: =P128*'Run 1 Curve Parameters'!$D$3+'Run 1 Curve Parameters'!$E$3 -> 9099.9647 | AF128: =K128*'Run 1 Curve Parameters'!$D$2+'Run 1 Curve Parameters'!$E$2 -> -97.591886
A129: 128 | B129: BLANK | C129: BLANK | D129: 128 | E129: BLANK | F129: F220930s128.CHR | G129: 44834 | H129: 0.7984375 | I129: CH4 | J129: 1.396 | K129: 0.3066 | L129: 1.644 | M129: ppm | N129: CO2 | O129: 1.92 | P129: 110.5505 | Q129: 199.0061 | R129: ppm | S129: E220930s128.CHR | T129: 44834 | U129: 0.7984375 | V129: O2 | W129: 1.16 | X129: 3183.6488 | Y129: 132056.1 | Z129: N2O | AA129: 2.22 | AB129: 66.2395 | AC129: 0.0727 | AD129: ppm | AE129: =P129*'Run 1 Curve Parameters'!$D$3+'Run 1 Curve Parameters'!$E$3 -> 249.59315 | AF129: =K129*'Run 1 Curve Parameters'!$D$2+'Run 1 Curve Parameters'!$E$2 -> -106.90421
A130: 129 | B130: BEAL | C130: YB14 | D130: 129 | E130: =D130&"g" -> 129g | F130: F220930s129.CHR | G130: 44834 | H130: 0.80219907 | I130: CH4 | J130: 1.4 | K130: 0.7938 | L130: 3.7513 | M130: ppm | N130: CO2 | O130: 1.933 | P130: 2626.7596 | Q130: 9498.2769 | R130: ppm | S130: E220930s129.CHR | T130: 44834 | U130: 0.80219907 | V130: O2 | W130: 1.16 | X130: 3512.9406 | Y130: 173118.54 | Z130: N2O | AA130: 2.22 | AB130: 179.098 | AC130: 0.5353 | AD130: ppm | AE130: =P130*'Run 1 Curve Parameters'!$D$3+'Run 1 Curve Parameters'!$E$3 -> 10749.542 | AF130: =K130*'Run 1 Curve Parameters'!$D$2+'Run 1 Curve Parameters'!$E$2 -> -103.93771
A131: 130 | B131: BLANK | C131: BLANK | D131: 130 | E131: BLANK | F131: F220930s130.CHR | G131: 44834 | H131: 0.80596065 | I131: CH4 | J131: 1.406 | K131: 0.2699 | L131: 1.4853 | M131: ppm | N131: CO2 | O131: 1.926 | P131: 90.5784 | Q131: 125.1943 | R131: ppm | S131: E220930s130.CHR | T131: 44834 | U131: 0.80596065 | V131: O2 | W131: 1.166 | X131: 2982.3504 | Y131: 113741.44 | Z131: N2O | AA131: 2.226 | AB131: 58.8275 | AC131: 0.0424 | AD131: ppm | AE131: =P131*'Run 1 Curve Parameters'!$D$3+'Run 1 Curve Parameters'!$E$3 -> 166.25109 | AF131: =K131*'Run 1 Curve Parameters'!$D$2+'Run 1 Curve Parameters'!$E$2 -> -107.12767
A132: 131 | B132: BEAL | C132: YB15 | D132: 131 | E132: =D132&"g" -> 131g | F132: F220930s131.CHR | G132: 44834 | H132: 0.80972222 | I132: CH4 | J132: 1.416 | K132: 47.129 | L132: 204.1612 | M132: ppm | N132: CO2 | O132: 1.94 | P132: 813.298 | Q132: 2796.1827 | R132: ppm | S132: E220930s131.CHR | T132: 44834 | U132: 0.80972222 | V132: O2 | W132: 1.17 | X132: 3690.8892 | Y132: 199362.17 | Z132: N2O | AA132: 2.236 | AB132: 107.1527 | AC132: 0.2404 | AD132: ppm | AE132: =P132*'Run 1 Curve Parameters'!$D$3+'Run 1 Curve Parameters'!$E$3 -> 3182.105 | AF132: =K132*'Run 1 Curve Parameters'!$D$2+'Run 1 Curve Parameters'!$E$2 -> 178.19141
A133: 132 | B133: BLANK | C133: BLANK | D133: 132 | E133: BLANK | F133: F220930s132.CHR | G133: 44834 | H133: 0.81347222 | I133: CH4 | J133: 1.4 | K133: 0.401 | L133: 2.0523 | M133: ppm | N133: CO2 | O133: 1.923 | P133: 90.2811 | Q133: 124.0955 | R133: ppm | S133: E220930s132.CHR | T133: 44834 | U133: 0.81347222 | V133: O2 | W133: 1.16 | X133: 3042.5218 | Y133: 118904.46 | Z133: N2O | AA133: 2.223 | AB133: 56.6622 | AC133: 0.0335 | AD133: ppm | AE133: =P133*'Run 1 Curve Parameters'!$D$3+'Run 1 Curve Parameters'!$E$3 -> 165.01048 | AF133: =K133*'Run 1 Curve Parameters'!$D$2+'Run 1 Curve Parameters'!$E$2 -> -106.32942
A134: 133 | B134: Check Standard | C134: CHECK | D134: 133 | E134: ChkStd4 | F134: F220930s133.CHR | G134: 44834 | H134: 0.8172338 | I134: CH4 | J134: 1.413 | K134: 0.672 | L134: 3.2245 | M134: ppm | N134: CO2 | O134: 1.936 | P134: 171.3924 | Q134: 423.8623 | R134: ppm | S134: E220930s133.CHR | T134: 44834 | U134: 0.8172338 | V134: O2 | W134: 1.17 | X134: 3987.2734 | Y134: 243072.55 | Z134: N2O | AA134: 2.24 | AB134: 104.8708 | AC134: 0.2311 | AD134: ppm | AE134: =P134*'Run 1 Curve Parameters'!$D$3+'Run 1 Curve Parameters'!$E$3 -> 503.48177 | AF134: =K134*'Run 1 Curve Parameters'!$D$2+'Run 1 Curve Parameters'!$E$2 -> -104.67933
A135: 134 | B135: BLANK | C135: BLANK | D135: 134 | E135: BLANK | F135: F220930s134.CHR | G135: 44834 | H135: 0.82099537 | I135: CH4 | J135: 1.4 | K135: 0.3722 | L135: 1.9278 | M135: ppm | N135: CO2 | O135: 1.923 | P135: 105.7916 | Q135: 181.4184 | R135: ppm | S135: E220930s134.CHR | T135: 44834 | U135: 0.82099537 | V135: O2 | W135: 1.16 | X135: 3278.9424 | Y135: 142076.39 | Z135: N2O | AA135: 2.223 | AB135: 65.483 | AC135: 0.0696 | AD135: ppm | AE135: =P135*'Run 1 Curve Parameters'!$D$3+'Run 1 Curve Parameters'!$E$3 -> 229.73462 | AF135: =K135*'Run 1 Curve Parameters'!$D$2+'Run 1 Curve Parameters'!$E$2 -> -106.50478
A136: 135 | B136: BEAL | C136: YB3 | D136: 135 | E136: =D136&"g" -> 135g | F136: F220930s135.CHR | G136: 44834 | H136: 0.82474537 | I136: CH4 | J136: 1.4 | K136: 0.4471 | L136: 2.2517 | M136: ppm | N136: CO2 | O136: 1.923 | P136: 267.108 | Q136: 777.6029 | R136: ppm | S136: E220930s135.CHR | T136: 44834 | U136: 0.82474537 | V136: O2 | W136: 1.16 | X136: 3534.9997 | Y136: 176371.79 | Z136: N2O | AA136: 2.223 | AB136: 90.0544 | AC136: 0.1704 | AD136: ppm | AE136: =P136*'Run 1 Curve Parameters'!$D$3+'Run 1 Curve Parameters'!$E$3 -> 902.89569 | AF136: =K136*'Run 1 Curve Parameters'!$D$2+'Run 1 Curve Parameters'!$E$2 -> -106.04872
A137: 136 | B137: BLANK | C137: BLANK | D137: 136 | E137: BLANK | F137: F220930s136.CHR | G137: 44834 | H137: 0.82849537 | I137: CH4 | J137: 1.403 | K137: 0.305 | L137: 1.6371 | M137: ppm | N137: CO2 | O137: 1.926 | P137: 85.256 | Q137: 105.524 | R137: ppm | S137: E220930s136.CHR | T137: 44834 | U137: 0.82849537 | V137: O2 | W137: 1.16 | X137: 2986.0608 | Y137: 114059.81 | Z137: N2O | AA137: 2.223 | AB137: 56.2174 | AC137: 0.0317 | AD137: ppm | AE137: =P137*'Run 1 Curve Parameters'!$D$3+'Run 1 Curve Parameters'!$E$3 -> 144.04112 | AF137: =K137*'Run 1 Curve Parameters'!$D$2+'Run 1 Curve Parameters'!$E$2 -> -106.91395
A138: 137 | B138: BEAL | C138: YB4 | D138: 137 | E138: =D138&"g" -> 137g | F138: F220930s137.CHR | G138: 44834 | H138: 0.83225694 | I138: CH4 | J138: 1.346 | K138: 9963.3988 | L138: 43094.217 | M138: ppm | N138: CO2 | O138: 1.93 | P138: 14908.222 | Q138: 54887.447 | R138: ppm | S138: E220930s137.CHR | T138: 44834 | U138: 0.83225694 | V138: O2 | W138: 1.16 | X138: 2430.9096 | Y138: 74404.67 | Z138: N2O | AA138: 2.223 | AB138: 191.4602 | AC138: 0.586 | AD138: ppm | AE138: =P138*'Run 1 Curve Parameters'!$D$3+'Run 1 Curve Parameters'!$E$3 -> 61999.15 | AF138: =K138*'Run 1 Curve Parameters'!$D$2+'Run 1 Curve Parameters'!$E$2 -> 60557.093
A139: 138 | B139: BLANK | C139: BLANK | D139: 138 | E139: BLANK | F139: F220930s138.CHR | G139: 44834 | H139: 0.83601852 | I139: CH4 | J139: 1.416 | K139: 10.8249 | L139: 47.138 | M139: ppm | N139: CO2 | O139: 1.936 | P139: 103.5499 | Q139: 173.1336 | R139: ppm | S139: E220930s138.CHR | T139: 44834 | U139: 0.83601852 | V139: O2 | W139: 1.17 | X139: 3244.4418 | Y139: 138318.52 | Z139: N2O | AA139: 2.236 | AB139: 63.0852 | AC139: 0.0598 | AD139: ppm | AE139: =P139*'Run 1 Curve Parameters'!$D$3+'Run 1 Curve Parameters'!$E$3 -> 220.38018 | AF139: =K139*'Run 1 Curve Parameters'!$D$2+'Run 1 Curve Parameters'!$E$2 -> -42.85962
A140: 139 | B140: BEAL | C140: YB5 | D140: 139 | E140: =D140&"g" -> 139g | F140: F220930s139.CHR | G140: 44834 | H140: 0.83976852 | I140: CH4 | J140: 1.413 | K140: 526.895 | L140: 2279.2551 | M140: ppm | N140: CO2 | O140: 1.946 | P140: 2120.5052 | Q140: 7627.289 | R140: ppm | S140: E220930s139.CHR | T140: 44834 | U140: 0.83976852 | V140: O2 | W140: 1.17 | X140: 3611.2689 | Y140: 187619.87 | Z140: N2O | AA140: 2.236 | AB140: 145.3264 | AC140: 0.3969 | AD140: ppm | AE140: =P140*'Run 1 Curve Parameters'!$D$3+'Run 1 Curve Parameters'!$E$3 -> 8636.9813 | AF140: =K140*'Run 1 Curve Parameters'!$D$2+'Run 1 Curve Parameters'!$E$2 -> 3099.4254
A141: 140 | B141: BLANK | C141: BLANK | D141: 140 | E141: BLANK | F141: F220930s140.CHR | G141: 44834 | H141: 0.84353009 | I141: CH4 | J141: 1.413 | K141: 0.6268 | L141: 3.029 | M141: ppm | N141: CO2 | O141: 1.936 | P141: 87.038 | Q141: 112.1099 | R141: ppm | S141: E220930s140.CHR | T141: 44834 | U141: 0.84353009 | V141: O2 | W141: 1.166 | X141: 3045.2206 | Y141: 119136.03 | Z141: N2O | AA141: 2.24 | AB141: 55.3735 | AC141: 0.0282 | AD141: ppm | AE141: =P141*'Run 1 Curve Parameters'!$D$3+'Run 1 Curve Parameters'!$E$3 -> 151.47727 | AF141: =K141*'Run 1 Curve Parameters'!$D$2+'Run 1 Curve Parameters'!$E$2 -> -104.95455
...

Sheet Standards Run 2

Sheet Data Run 2
